chrom	source	feature	start	end	score	strand	frame	sample_id	vaf	autosome	notch_vaf	color	order
2L	findcluster	I-element	8990182	8990188	10	+	.	R23	0.4444444444444444	True	0.07981234936999522	other	2
2L	findcluster	I-element	13615963	13615979	9	+	.	R23	0.45	True	0.07981234936999522	other	3
2R	findcluster	rover	10230074	10230079	8	+	.	R23	0.45714285714285713	True	0.07981234936999522	other	4
3R	findcluster	jockey	7485203	7485213	17	+	.	R23	0.4594594594594595	True	0.07981234936999522	other	5
2L	findcluster	rover	13887488	13887492	22	+	.	R23	0.4731182795698925	True	0.07981234936999522	other	6
2R	findcluster	rover	14337315	14337320	12	+	.	R23	0.5454545454545454	True	0.07981234936999522	other	7
3R	findcluster	rover	23342089	23342093	20	+	.	R23	0.7037037037037037	True	0.07981234936999522	other	8
3R	findcluster	rover	4320369	4320375	17	+	.	R23	0.7083333333333334	True	0.07981234936999522	other	9
2L	findcluster	blood	11084137	11084140	32	+	.	R23	0.7529411764705882	True	0.07981234936999522	other	10
3R	findcluster	rover	12701432	12701437	17	+	.	R23	0.9714285714285714	True	0.07981234936999522	other	11
2L	findcluster	rover	4131996	4132001	10	+	.	R23	1.0	True	0.07981234936999522	other	12
3R	findcluster	copia	5308232	5308237	5	+	.	R41A	0.4	True	0.3582870512181363	other	35
3R	findcluster	copia	24611458	24611463	13	+	.	R41A	0.40625	True	0.3582870512181363	other	36
3R	findcluster	rover	23333258	23333262	12	+	.	R41A	0.42857142857142855	True	0.3582870512181363	other	37
3R	findcluster	copia	16794811	16794815	6	+	.	R41A	0.4444444444444444	True	0.3582870512181363	other	38
3R	findcluster	copia	26106679	26106684	14	+	.	R41A	0.4745762711864407	True	0.3582870512181363	other	39
3L	findcluster	copia	14962481	14962485	21	+	.	R41A	0.49411764705882355	True	0.3582870512181363	other	40
2R	findcluster	rover	7623556	7623561	15	+	.	R41A	0.5084745762711864	True	0.3582870512181363	other	41
3R	findcluster	copia	4694377	4694382	21	+	.	R41A	0.525	True	0.3582870512181363	other	42
3L	findcluster	copia	16893736	16893741	16	+	.	R41A	0.5517241379310345	True	0.3582870512181363	other	43
X	findcluster	rover	15808862	15808869	31	+	.	R41A	0.5636363636363636	False	0.3582870512181363	other	44
2R	findcluster	rover	10227271	10227276	15	+	.	R41A	0.5769230769230769	True	0.3582870512181363	other	45
X	findcluster	copia	12583937	12583942	21	+	.	R41A	0.5833333333333334	False	0.3582870512181363	other	46
X	findcluster	rover	15080895	15080901	27	+	.	R41A	0.627906976744186	False	0.3582870512181363	other	47
2R	findcluster	copia	17422117	17422122	25	+	.	R41A	0.6410256410256411	True	0.3582870512181363	other	48
3L	findcluster	copia	19257705	19257710	11	+	.	R41A	0.6875	True	0.3582870512181363	other	49
X	findcluster	rover	10323058	10323064	42	+	.	R41A	0.711864406779661	False	0.3582870512181363	other	50
3L	findcluster	copia	3542241	3542245	24	+	.	R41A	0.7384615384615385	True	0.3582870512181363	other	51
X	findcluster	rover	19455130	19455135	20	+	.	R41A	0.8	False	0.3582870512181363	other	52
3L	findcluster	rover	7052351	7052356	37	+	.	R41A	0.9135802469135802	True	0.3582870512181363	other	53
2R	findcluster	rover	9815134	9815140	13	+	.	R41A	0.9629629629629629	True	0.3582870512181363	other	54
3R	findcluster	rover	11540396	11540401	12	+	.	R41A	1.0	True	0.3582870512181363	other	55
2L	findcluster	rover	15021537	15021541	10	+	.	R63	0.5263157894736842	True	0.36537209807040677	other	76
X	findcluster	I-element	6859243	6859255	18	+	.	R63	0.6285714285714286	False	0.36537209807040677	other	77
X	findcluster	rover	6370605	6370610	24	+	.	R63	0.6486486486486487	False	0.36537209807040677	other	78
3R	findcluster	rover	26871491	26871495	19	+	.	R63	0.7450980392156863	True	0.36537209807040677	other	79
2R	findcluster	rover	9536119	9536124	27	+	.	R63	0.8571428571428571	True	0.36537209807040677	other	80
2R	findcluster	rover	7628587	7628591	22	+	.	R63	0.9565217391304348	True	0.36537209807040677	other	81
3R	findcluster	rover	31087989	31087993	31	+	.	R63	0.96875	True	0.36537209807040677	other	82
2R	findcluster	rover	19192204	19192209	25	+	.	R63	1.0	True	0.36537209807040677	other	83
3R	findcluster	rover	14758186	14758191	30	+	.	R63	1.0	True	0.36537209807040677	other	84
3R	findcluster	rover	4461067	4461071	12	+	.	R5	0.6857142857142857	True	0.43584781817406204	other	110
2L	findcluster	rover	12010474	12010479	48	+	.	R5	0.8648648648648649	True	0.43584781817406204	other	111
X	findcluster	rover	5093606	5093607	12	+	.	R33	0.5238095238095238	False	0.44814796570619264	other	141
4	findcluster	rover	180211	180215	29	+	.	R33	0.5272727272727272	False	0.44814796570619264	other	142
X	findcluster	rover	16830667	16830671	14	+	.	R33	0.5555555555555556	False	0.44814796570619264	other	143
3R	findcluster	rover	14294493	14294498	20	+	.	R33	0.5588235294117647	True	0.44814796570619264	other	144
2L	findcluster	rover	1053755	1053758	26	+	.	R33	0.5777777777777777	True	0.44814796570619264	other	145
X	findcluster	rover	13472644	13472649	11	+	.	R33	0.5789473684210527	False	0.44814796570619264	other	146
2R	findcluster	copia	16133670	16133674	31	+	.	R33	0.5904761904761905	True	0.44814796570619264	other	147
3R	findcluster	rover	4447003	4447008	33	+	.	R33	0.5945945945945946	True	0.44814796570619264	other	148
2L	findcluster	rover	11937849	11937854	6	+	.	R33	0.6	True	0.44814796570619264	other	149
2L	findcluster	copia	13063863	13063869	22	+	.	R33	0.6027397260273972	True	0.44814796570619264	other	150
3R	findcluster	rover	12801645	12801650	16	+	.	R33	0.6037735849056604	True	0.44814796570619264	other	151
X	findcluster	rover	3215140	3215145	12	+	.	R33	0.6190476190476191	False	0.44814796570619264	other	152
X	findcluster	rover	13988288	13988293	14	+	.	R33	0.6363636363636364	False	0.44814796570619264	other	153
X	findcluster	rover	19748094	19748099	14	+	.	R33	0.6363636363636364	False	0.44814796570619264	other	154
3R	findcluster	copia	17713987	17713992	29	+	.	R33	0.6373626373626373	True	0.44814796570619264	other	155
X	findcluster	I-element	1183322	1183334	38	+	.	R33	0.6440677966101694	False	0.44814796570619264	other	156
X	findcluster	rover	14808807	14808812	22	+	.	R33	0.6470588235294118	False	0.44814796570619264	other	157
3L	findcluster	rover	8773704	8773709	10	+	.	R33	0.6666666666666666	True	0.44814796570619264	other	158
3R	findcluster	rover	9114610	9114616	18	+	.	R33	0.6792452830188679	True	0.44814796570619264	other	159
X	findcluster	rover	11507594	11507599	31	+	.	R33	0.6808510638297872	False	0.44814796570619264	other	160
3L	findcluster	copia	5364453	5364458	24	+	.	R33	0.7164179104477612	True	0.44814796570619264	other	161
3L	findcluster	rover	17481612	17481616	32	+	.	R33	0.7209302325581395	True	0.44814796570619264	other	162
2L	findcluster	rover	10572766	10572771	27	+	.	R33	0.7397260273972602	True	0.44814796570619264	other	163
X	findcluster	rover	9699886	9699891	25	+	.	R33	0.7575757575757576	False	0.44814796570619264	other	164
3L	findcluster	rover	12410280	12410284	32	+	.	R33	0.7901234567901234	True	0.44814796570619264	other	165
3L	findcluster	I-element	83871	83884	26	+	.	R33	0.8	True	0.44814796570619264	other	166
2R	findcluster	rover	8183296	8183301	25	+	.	R33	0.819672131147541	True	0.44814796570619264	other	167
3L	findcluster	rover	21048997	21049001	26	+	.	R33	0.8253968253968254	True	0.44814796570619264	other	168
3L	findcluster	rover	24725151	24725155	34	+	.	R33	0.8292682926829268	True	0.44814796570619264	other	169
3R	findcluster	blood	11613544	11613548	52	+	.	R33	0.8387096774193549	True	0.44814796570619264	other	170
3L	findcluster	rover	17657771	17657775	39	+	.	R33	0.8478260869565217	True	0.44814796570619264	other	171
2R	findcluster	rover	10925499	10925504	37	+	.	R33	0.8505747126436781	True	0.44814796570619264	other	172
X	findcluster	rover	12749476	12749481	12	+	.	R33	0.8571428571428571	False	0.44814796570619264	other	173
X	findcluster	rover	16851603	16851608	16	+	.	R33	0.8888888888888888	False	0.44814796570619264	other	174
2L	findcluster	copia	14222144	14222149	30	+	.	R33	0.8955223880597015	True	0.44814796570619264	other	175
3R	findcluster	rover	16358102	16358107	39	+	.	R33	0.9285714285714286	True	0.44814796570619264	other	176
3L	findcluster	rover	20404530	20404534	30	+	.	R33	0.9523809523809523	True	0.44814796570619264	other	177
3L	findcluster	rover	19257820	19257825	34	+	.	R33	0.9577464788732394	True	0.44814796570619264	other	178
2L	findcluster	rover	21793985	21793988	42	+	.	R33	0.9767441860465116	True	0.44814796570619264	other	179
2L	findcluster	rover	7088363	7088368	31	+	.	R33	1.0	True	0.44814796570619264	other	180
2L	findcluster	rover	13760838	13760843	23	+	.	R33	1.0	True	0.44814796570619264	other	181
2R	findcluster	rover	5360286	5360292	18	+	.	R33	1.0	True	0.44814796570619264	other	182
2R	findcluster	rover	7026672	7026675	16	+	.	R33	1.0	True	0.44814796570619264	other	183
2R	findcluster	rover	16674960	16674965	34	+	.	R33	1.0	True	0.44814796570619264	other	184
3L	findcluster	rover	8398657	8398662	12	+	.	R33	1.0	True	0.44814796570619264	other	185
3L	findcluster	rover	12251039	12251040	19	+	.	R33	1.0	True	0.44814796570619264	other	186
3L	findcluster	copia	18011318	18011322	16	+	.	R33	1.0	True	0.44814796570619264	other	187
3L	findcluster	rover	20068861	20068866	15	+	.	R33	1.0	True	0.44814796570619264	other	188
3R	findcluster	rover	21830473	21830477	26	+	.	R33	1.0	True	0.44814796570619264	other	189
2R	findcluster	rover	13270108	13270113	32	+	.	R3	0.5517241379310345	True	0.5276588489843772	other	217
3R	findcluster	copia	16292357	16292361	41	+	.	R3	0.5734265734265734	True	0.5276588489843772	other	218
2R	findcluster	copia	6532299	6532303	92	+	.	R3	0.5878594249201278	True	0.5276588489843772	other	219
2L	findcluster	rover	16504432	16504437	91	+	.	R3	0.5928338762214984	True	0.5276588489843772	other	220
3R	findcluster	copia	18446214	18446218	119	+	.	R3	0.6611111111111111	True	0.5276588489843772	other	221
2R	findcluster	rover	5700598	5700603	35	+	.	R3	0.7216494845360825	True	0.5276588489843772	other	222
X	findcluster	I-element	15494599	15494611	85	+	.	R3	0.7870370370370371	False	0.5276588489843772	other	223
3R	findcluster	rover	17531861	17531865	50	+	.	R3	0.9174311926605505	True	0.5276588489843772	other	224
2L	findcluster	rover	19411927	19411928	51	+	.	R3	1.0	True	0.5276588489843772	other	225
3L	findcluster	rover	10510369	10510373	105	+	.	R3	1.0	True	0.5276588489843772	other	226
3R	findcluster	copia	30283121	30283125	92	+	.	R3	1.0	True	0.5276588489843772	other	227
2R	findcluster	copia	6525931	6525935	9	+	.	R35	0.6	True	0.5765776028367319	other	251
X	findcluster	rover	15408583	15408588	6	+	.	R35	0.6	False	0.5765776028367319	other	252
3R	findcluster	rover	22205993	22205998	8	+	.	R35	0.6153846153846154	True	0.5765776028367319	other	253
X	findcluster	rover	10076846	10076851	5	+	.	R35	0.625	False	0.5765776028367319	other	254
X	findcluster	rover	4210325	4210330	10	+	.	R35	0.7142857142857143	False	0.5765776028367319	other	255
X	findcluster	rover	18114805	18114810	10	+	.	R35	0.7142857142857143	False	0.5765776028367319	other	256
3R	findcluster	rover	13762990	13762995	14	+	.	R35	0.717948717948718	True	0.5765776028367319	other	257
2R	findcluster	rover	18764924	18764930	6	+	.	R35	0.75	True	0.5765776028367319	other	258
2R	findcluster	rover	18649451	18649455	16	+	.	R35	0.7619047619047619	True	0.5765776028367319	other	259
3R	findcluster	rover	8289336	8289342	10	+	.	R35	0.8	True	0.5765776028367319	other	260
3R	findcluster	diver	15182368	15182375	9	+	.	R35	0.8181818181818182	True	0.5765776028367319	other	261
3R	findcluster	rover	10662174	10662179	5	+	.	R35	0.8333333333333334	True	0.5765776028367319	other	262
3R	findcluster	rover	18772550	18772556	13	+	.	R35	0.8666666666666667	True	0.5765776028367319	other	263
3R	findcluster	rover	5575117	5575121	17	+	.	R35	0.8717948717948718	True	0.5765776028367319	other	264
3L	findcluster	rover	19648907	19648913	19	+	.	R35	0.926829268292683	True	0.5765776028367319	other	265
3R	findcluster	rover	9530071	9530076	11	+	.	R35	0.96	True	0.5765776028367319	other	266
2R	findcluster	rover	7738236	7738241	8	+	.	R35	1.0	True	0.5765776028367319	other	267
2R	findcluster	rover	10191743	10191747	13	+	.	R35	1.0	True	0.5765776028367319	other	268
2R	findcluster	rover	18436832	18436837	19	+	.	R35	1.0	True	0.5765776028367319	other	269
3L	findcluster	rover	19989679	19989690	8	+	.	R35	1.0	True	0.5765776028367319	other	270
3R	findcluster	rover	26083611	26083616	12	+	.	R35	1.0	True	0.5765776028367319	other	271
3R	findcluster	rover	31310737	31310742	5	+	.	R35	1.0	True	0.5765776028367319	other	272
3L	findcluster	rover	1972457	1972462	5	+	.	R19	0.8333333333333334	True	0.5780076816603389	other	294
2L	findcluster	FB	1839410	1839419	14	+	.	R25	0.7	True	0.5920546027303942	other	321
X	findcluster	rover	10899323	10899329	7	+	.	R25	0.7777777777777778	False	0.5920546027303942	other	322
X	findcluster	rover	6541902	6541906	30	+	.	R25	0.8529411764705882	False	0.5920546027303942	other	323
2L	findcluster	rover	12010472	12010477	29	+	.	R25	0.8787878787878788	True	0.5920546027303942	other	324
3L	findcluster	rover	18231360	18231365	18	+	.	R25	0.9473684210526315	True	0.5920546027303942	other	325
2L	findcluster	rover	8622804	8622809	30	+	.	R25	0.9836065573770492	True	0.5920546027303942	other	326
2L	findcluster	rover	13515977	13515982	10	+	.	R25	1.0	True	0.5920546027303942	other	327
2R	findcluster	blood	7099365	7099368	47	+	.	R25	1.0	True	0.5920546027303942	other	328
2R	findcluster	I-element	9868773	9868786	27	+	.	R25	1.0	True	0.5920546027303942	other	329
3L	findcluster	rover	16922211	16922216	18	+	.	R25	1.0	True	0.5920546027303942	other	330
3R	findcluster	rover	24126868	24126873	31	+	.	R25	1.0	True	0.5920546027303942	other	331
3L	findcluster	copia	1582995	1582999	20	+	.	R21	0.6451612903225806	True	0.599872440145377	other	354
3R	findcluster	Transpac	1825183	1825187	8	+	.	R21	0.8888888888888888	True	0.599872440145377	other	355
3R	findcluster	rover	24572079	24572083	36	+	.	R13	0.6206896551724138	True	0.6110257726025435	other	383
2L	findcluster	rover	18630587	18630592	67	+	.	R13	0.6350710900473934	True	0.6110257726025435	other	384
X	findcluster	copia	4612489	4612494	61	+	.	R13	0.6382978723404256	False	0.6110257726025435	other	385
2L	findcluster	blood	11687497	11687500	68	+	.	R13	0.6538461538461539	True	0.6110257726025435	other	386
3L	findcluster	I-element	79748	79758	61	+	.	R13	0.6559139784946236	True	0.6110257726025435	other	387
X	findcluster	jockey	10619540	10619554	80	+	.	R13	0.6956521739130435	False	0.6110257726025435	other	388
3R	findcluster	rover	22481576	22481581	34	+	.	R13	0.717391304347826	True	0.6110257726025435	other	389
3R	findcluster	I-element	29288990	29289000	92	+	.	R13	0.757201646090535	True	0.6110257726025435	other	390
3R	findcluster	rover	5835403	5835408	61	+	.	R13	0.7577639751552795	True	0.6110257726025435	other	391
2L	findcluster	copia	7160980	7160984	42	+	.	R13	0.7636363636363637	True	0.6110257726025435	other	392
2L	findcluster	rover	16818471	16818476	60	+	.	R13	0.7843137254901961	True	0.6110257726025435	other	393
X	findcluster	rover	16724868	16724874	48	+	.	R13	0.7868852459016393	False	0.6110257726025435	other	394
2L	findcluster	copia	16720066	16720070	60	+	.	R13	0.8108108108108109	True	0.6110257726025435	other	395
X	findcluster	rover	12609761	12609766	50	+	.	R13	0.8771929824561403	False	0.6110257726025435	other	396
2R	findcluster	diver	21438264	21438268	91	+	.	R13	0.896551724137931	True	0.6110257726025435	other	397
3R	findcluster	rover	31371770	31371779	16	+	.	R13	0.9090909090909091	True	0.6110257726025435	other	398
2R	findcluster	I-element	13426525	13426537	75	+	.	R13	0.9259259259259259	True	0.6110257726025435	other	399
2R	findcluster	rover	19807777	19807784	49	+	.	R13	1.0	True	0.6110257726025435	other	400
3L	findcluster	rover	21927706	21927713	5	+	.	R27	0.6666666666666666	True	0.6167215322922285	other	423
3R	findcluster	rover	18393223	18393227	23	+	.	R27	0.6666666666666666	True	0.6167215322922285	other	424
2R	findcluster	rover	15172590	15172594	26	+	.	R27	0.7323943661971831	True	0.6167215322922285	other	425
X	findcluster	rover	16555607	16555611	14	+	.	R27	0.7368421052631579	False	0.6167215322922285	other	426
3L	findcluster	rover	2167648	2167653	17	+	.	R27	0.7906976744186046	True	0.6167215322922285	other	427
3R	findcluster	rover	13171825	13171830	15	+	.	R27	0.8108108108108109	True	0.6167215322922285	other	428
3L	findcluster	rover	8816855	8816859	29	+	.	R27	0.8529411764705882	True	0.6167215322922285	other	429
3L	findcluster	copia	18045771	18045776	36	+	.	R27	0.8674698795180723	True	0.6167215322922285	other	430
2R	findcluster	rover	8297769	8297774	34	+	.	R27	0.9066666666666666	True	0.6167215322922285	other	431
2L	findcluster	I-element	15322664	15322679	29	+	.	R27	0.9354838709677419	True	0.6167215322922285	other	432
2L	findcluster	rover	1691262	1691266	38	+	.	R27	0.9743589743589743	True	0.6167215322922285	other	433
2L	findcluster	rover	4152413	4152418	22	+	.	R27	1.0	True	0.6167215322922285	other	434
2R	findcluster	rover	23483418	23483422	37	+	.	R27	1.0	True	0.6167215322922285	other	435
3L	findcluster	rover	16411948	16411952	18	+	.	R55	0.782608695652174	True	0.6661647111485134	other	458
3R	findcluster	rover	11461827	11461833	23	+	.	R55	0.8518518518518519	True	0.6661647111485134	other	459
3L	findcluster	rover	10020134	10020138	49	+	.	R55	0.9174311926605505	True	0.6661647111485134	other	460
3R	findcluster	rover	21741066	21741070	33	+	.	R55	0.9428571428571428	True	0.6661647111485134	other	461
2L	findcluster	rover	6671081	6671084	18	+	.	R55	1.0	True	0.6661647111485134	other	462
3R	findcluster	rover	19616423	19616428	13	+	.	R55	1.0	True	0.6661647111485134	other	463
X	findcluster	rover	5393405	5393409	9	+	.	R55	1.0	False	0.6661647111485134	other	464
X	findcluster	rover	14952245	14952249	13	+	.	H1	0.7222222222222222	False	0.6998914180894148	other	496
X	findcluster	rover	14591482	14591487	22	+	.	H1	0.75	False	0.6998914180894148	other	497
3R	findcluster	rover	26599415	26599420	22	+	.	H1	0.7719298245614035	True	0.6998914180894148	other	498
3R	findcluster	rover	11569941	11569945	38	+	.	H1	0.9705882352941176	True	0.6998914180894148	other	499
2L	findcluster	rover	2301196	2301200	37	+	.	H1	1.0	True	0.6998914180894148	other	500
2R	findcluster	rover	12319893	12319897	53	+	.	H1	1.0	True	0.6998914180894148	other	501
3L	findcluster	rover	17972717	17972722	39	+	.	H1	1.0	True	0.6998914180894148	other	502
3R	findcluster	I-element	30813561	30813572	30	+	.	H1	1.0	True	0.6998914180894148	other	503
3L	findcluster	rover	18997333	18997337	18	+	.	R45	0.8	True	0.7223174962532103	other	528
2R	findcluster	I-element	14517525	14517536	18	+	.	R45	0.8181818181818182	True	0.7223174962532103	other	529
X	findcluster	rover	17439636	17439641	15	+	.	R45	0.9375	False	0.7223174962532103	other	530
2R	findcluster	rover	15968371	15968376	53	+	.	R45	0.9906542056074766	True	0.7223174962532103	other	531
2L	findcluster	rover	21266107	21266112	16	+	.	R45	1.0	True	0.7223174962532103	other	532
2R	findcluster	rover	10452971	10452976	9	+	.	R45	1.0	True	0.7223174962532103	other	533
2R	findcluster	rover	12010956	12010961	28	+	.	R45	1.0	True	0.7223174962532103	other	534
2L	findcluster	rover	223133	223138	62	+	.	R29	0.8051948051948052	True	0.7274090283157081	other	563
X	findcluster	rover	16614730	16614734	27	+	.	R29	0.8709677419354839	False	0.7274090283157081	other	564
2L	findcluster	copia	5289537	5289542	29	+	.	R29	0.9508196721311475	True	0.7274090283157081	other	565
2R	findcluster	rover	13623103	13623108	57	+	.	R29	1.0	True	0.7274090283157081	other	566
3L	findcluster	copia	550173	550178	33	+	.	R29	1.0	True	0.7274090283157081	other	567
3R	findcluster	rover	5054418	5054422	34	+	.	R29	1.0	True	0.7274090283157081	other	568
2R	findcluster	copia	22192420	22192424	32	+	.	H7	0.7619047619047619	True	0.7464482336880232	other	648
3R	findcluster	rover	27067731	27067738	21	+	.	H7	0.7636363636363637	True	0.7464482336880232	other	649
3L	findcluster	rover	7150193	7150199	38	+	.	H7	0.8539325842696629	True	0.7464482336880232	other	650
3R	findcluster	17.6	14541442	14541447	29	+	.	H7	0.8571428571428571	True	0.7464482336880232	other	651
X	findcluster	rover	13570426	13570431	52	+	.	H7	0.9285714285714286	False	0.7464482336880232	other	652
3R	findcluster	rover	14473552	14473556	36	+	.	H7	0.9473684210526315	True	0.7464482336880232	other	653
3L	findcluster	copia	17569012	17569017	49	+	.	H7	1.0	True	0.7464482336880232	other	654
3L	findcluster	rover	21932218	21932223	42	+	.	H7	1.0	True	0.7464482336880232	other	655
3R	findcluster	rover	23909133	23909137	38	+	.	H7	1.0	True	0.7464482336880232	other	656
3R	findcluster	rover	31125346	31125351	55	+	.	H7	1.0	True	0.7464482336880232	other	657
X	findcluster	copia	1597471	1597475	29	+	.	R31	0.7837837837837838	False	0.7634943181824766	other	681
2L	findcluster	rover	21346607	21346612	26	+	.	R31	0.7878787878787878	True	0.7634943181824766	other	682
3L	findcluster	copia	16149033	16149037	22	+	.	R31	0.8	True	0.7634943181824766	other	683
3L	findcluster	rover	17905649	17905654	11	+	.	R31	0.8148148148148148	True	0.7634943181824766	other	684
X	findcluster	rover	17733114	17733118	16	+	.	R31	0.8421052631578947	False	0.7634943181824766	other	685
3R	findcluster	I-element	19062542	19062553	22	+	.	R31	0.88	True	0.7634943181824766	other	686
2R	findcluster	rover	7753988	7753994	9	+	.	R31	1.0	True	0.7634943181824766	other	687
3L	findcluster	rover	781352	781359	16	+	.	R31	1.0	True	0.7634943181824766	other	688
3L	findcluster	rover	12459583	12459587	38	+	.	R37	0.8085106382978723	True	0.7663408458474044	other	720
X	findcluster	I-element	597509	597519	9	+	.	R37	0.8181818181818182	False	0.7663408458474044	other	721
3L	findcluster	copia	16889983	16889988	33	+	.	R37	0.825	True	0.7663408458474044	other	722
3R	findcluster	rover	20801581	20801586	33	+	.	R37	0.8918918918918919	True	0.7663408458474044	other	723
X	findcluster	rover	8874125	8874130	32	+	.	R37	0.9142857142857143	False	0.7663408458474044	other	724
3R	findcluster	rover	18792314	18792319	57	+	.	R37	0.926829268292683	True	0.7663408458474044	other	725
2R	findcluster	rover	7529469	7529473	41	+	.	R37	0.9318181818181818	True	0.7663408458474044	other	726
3R	findcluster	rover	5870931	5870936	35	+	.	R37	0.9722222222222222	True	0.7663408458474044	other	727
2L	findcluster	rover	19635022	19635026	17	+	.	R37	1.0	True	0.7663408458474044	other	728
2R	findcluster	rover	6242588	6242592	26	+	.	R37	1.0	True	0.7663408458474044	other	729
2R	findcluster	rover	6623344	6623349	34	+	.	R37	1.0	True	0.7663408458474044	other	730
2R	findcluster	rover	9202279	9202284	26	+	.	R37	1.0	True	0.7663408458474044	other	731
2R	findcluster	rover	22471922	22471928	18	+	.	R37	1.0	True	0.7663408458474044	other	732
3R	findcluster	rover	18070591	18070596	38	+	.	R37	1.0	True	0.7663408458474044	other	733
3R	findcluster	rover	23149808	23149813	18	+	.	R37	1.0	True	0.7663408458474044	other	734
3R	findcluster	rover	25586783	25586788	49	+	.	R37	1.0	True	0.7663408458474044	other	735
3R	findcluster	rover	31662820	31662826	29	+	.	R37	1.0	True	0.7663408458474044	other	736
2L	findcluster	rover	13887488	13887492	40	+	.	R51	0.7920792079207921	True	0.7784750649456218	other	763
X	findcluster	copia	4586631	4586635	22	+	.	R51	0.8148148148148148	False	0.7784750649456218	other	764
3R	findcluster	rover	14844456	14844462	42	+	.	R51	0.9655172413793104	True	0.7784750649456218	other	765
2L	findcluster	copia	18193081	18193086	23	+	.	R51	1.0	True	0.7784750649456218	other	766
3L	findcluster	rover	9108532	9108537	7	+	.	R51	1.0	True	0.7784750649456218	other	767
3L	findcluster	rover	22672936	22672940	27	+	.	R51	1.0	True	0.7784750649456218	other	768
2L	findcluster	rover	20003510	20003515	10	+	.	R53	0.8695652173913043	True	0.7809187279146059	other	792
2R	findcluster	rover	22078822	22078827	21	+	.	R53	0.875	True	0.7809187279146059	other	793
X	findcluster	rover	18294955	18294960	18	+	.	R53	0.9473684210526315	False	0.7809187279146059	other	794
2R	findcluster	rover	21080718	21080723	29	+	.	R53	1.0	True	0.7809187279146059	other	795
3L	findcluster	rover	8008898	8008903	11	+	.	R53	1.0	True	0.7809187279146059	other	796
3L	findcluster	copia	8703515	8703519	29	+	.	R53	1.0	True	0.7809187279146059	other	797
X	findcluster	rover	1249552	1249556	9	+	.	R53	1.0	False	0.7809187279146059	other	798
X	findcluster	rover	13749896	13749901	16	+	.	R53	1.0	False	0.7809187279146059	other	799
X	findcluster	rover	19249603	19249607	18	+	.	R53	1.0	False	0.7809187279146059	other	800
X	findcluster	rover	22546789	22546793	75	+	.	R11	0.872093023255814	False	0.7874015748029822	other	833
X	findcluster	rover	3275182	3275188	105	+	.	R11	0.8823529411764706	False	0.7874015748029822	other	834
X	findcluster	rover	7349836	7349841	83	+	.	R11	0.8924731182795699	False	0.7874015748029822	other	835
2L	findcluster	rover	20852139	20852143	31	+	.	R11	0.9117647058823529	True	0.7874015748029822	other	836
X	findcluster	rover	16946092	16946098	81	+	.	R11	0.9204545454545454	False	0.7874015748029822	other	837
2L	findcluster	rover	17380694	17380699	56	+	.	R11	1.0	True	0.7874015748029822	other	838
2R	findcluster	rover	6198772	6198777	63	+	.	R11	1.0	True	0.7874015748029822	other	839
2R	findcluster	copia	13009843	13009849	81	+	.	R11	1.0	True	0.7874015748029822	other	840
2R	findcluster	rover	16695418	16695427	49	+	.	R11	1.0	True	0.7874015748029822	other	841
3L	findcluster	rover	154189	154193	117	+	.	R11	1.0	True	0.7874015748029822	other	842
3L	findcluster	rover	24731689	24731694	71	+	.	R11	1.0	True	0.7874015748029822	other	843
3R	findcluster	diver	23331358	23331363	53	+	.	R11	1.0	True	0.7874015748029822	other	844
3R	findcluster	copia	23333599	23333603	41	+	.	R11	1.0	True	0.7874015748029822	other	845
3L	findcluster	diver	17245265	17245270	25	+	.	R39	0.819672131147541	True	0.8020961775582707	other	880
X	findcluster	rover	15632346	15632351	42	+	.	R39	0.84	False	0.8020961775582707	other	881
3L	findcluster	rover	2252756	2252759	12	+	.	R39	1.0	True	0.8020961775582707	other	882
3L	findcluster	rover	21562287	21562292	15	+	.	R39	1.0	True	0.8020961775582707	other	883
X	findcluster	rover	11921249	11921254	10	+	.	R59	0.9090909090909091	False	0.8542342510097852	other	911
2L	findcluster	copia	12455401	12455405	15	+	.	R59	1.0	True	0.8542342510097852	other	912
2L	findcluster	copia	19362170	19362174	26	+	.	R59	1.0	True	0.8542342510097852	other	913
2R	findcluster	copia	25060490	25060495	37	+	.	R59	1.0	True	0.8542342510097852	other	914
3L	findcluster	rover	9969781	9969785	15	+	.	R59	1.0	True	0.8542342510097852	other	915
3L	findcluster	rover	12217847	12217851	20	+	.	R59	1.0	True	0.8542342510097852	other	916
3R	findcluster	copia	10283904	10283909	8	+	.	R59	1.0	True	0.8542342510097852	other	917
3R	findcluster	rover	13824075	13824079	26	+	.	R59	1.0	True	0.8542342510097852	other	918
X	findcluster	rover	7850295	7850299	64	+	.	H4	0.9142857142857143	False	0.9071837503603518	other	965
2L	findcluster	rover	18429893	18429898	46	+	.	H4	0.9292929292929293	True	0.9071837503603518	other	966
X	findcluster	rover	11514798	11514803	30	+	.	H4	0.9333333333333333	False	0.9071837503603518	other	967
3R	findcluster	copia	30386612	30386616	29	+	.	H4	0.9354838709677419	True	0.9071837503603518	other	968
X	findcluster	rover	4675507	4675514	32	+	.	H4	0.9411764705882353	False	0.9071837503603518	other	969
X	findcluster	rover	16832282	16832287	44	+	.	H4	0.9545454545454546	False	0.9071837503603518	other	970
X	findcluster	rover	4912183	4912187	44	+	.	H4	0.9565217391304348	False	0.9071837503603518	other	971
X	findcluster	rover	14204906	14204910	44	+	.	H4	0.9565217391304348	False	0.9071837503603518	other	972
3L	findcluster	rover	1032592	1032597	37	+	.	H4	0.9736842105263158	True	0.9071837503603518	other	973
2R	findcluster	rover	12895428	12895432	31	+	.	H4	0.9841269841269841	True	0.9071837503603518	other	974
2L	findcluster	rover	482108	482112	38	+	.	H4	1.0	True	0.9071837503603518	other	975
2L	findcluster	rover	7904466	7904473	45	+	.	H4	1.0	True	0.9071837503603518	other	976
2L	findcluster	rover	8694050	8694055	61	+	.	H4	1.0	True	0.9071837503603518	other	977
2L	findcluster	rover	9683873	9683878	53	+	.	H4	1.0	True	0.9071837503603518	other	978
2L	findcluster	rover	12505313	12505318	48	+	.	H4	1.0	True	0.9071837503603518	other	979
2L	findcluster	rover	16772187	16772194	46	+	.	H4	1.0	True	0.9071837503603518	other	980
2L	findcluster	rover	22209308	22209312	43	+	.	H4	1.0	True	0.9071837503603518	other	981
2R	findcluster	rover	6868184	6868189	57	+	.	H4	1.0	True	0.9071837503603518	other	982
2R	findcluster	rover	17906532	17906537	52	+	.	H4	1.0	True	0.9071837503603518	other	983
2R	findcluster	rover	22078822	22078828	37	+	.	H4	1.0	True	0.9071837503603518	other	984
2R	findcluster	rover	23978912	23978916	47	+	.	H4	1.0	True	0.9071837503603518	other	985
2R	findcluster	rover	24749274	24749280	30	+	.	H4	1.0	True	0.9071837503603518	other	986
3L	findcluster	rover	559962	559967	39	+	.	H4	1.0	True	0.9071837503603518	other	987
3L	findcluster	rover	632482	632486	51	+	.	H4	1.0	True	0.9071837503603518	other	988
3L	findcluster	rover	3127449	3127454	55	+	.	H4	1.0	True	0.9071837503603518	other	989
3L	findcluster	rover	6441031	6441035	62	+	.	H4	1.0	True	0.9071837503603518	other	990
3L	findcluster	rover	9383239	9383242	50	+	.	H4	1.0	True	0.9071837503603518	other	991
3L	findcluster	rover	11345489	11345494	53	+	.	H4	1.0	True	0.9071837503603518	other	992
3L	findcluster	rover	13310093	13310097	77	+	.	H4	1.0	True	0.9071837503603518	other	993
3L	findcluster	rover	16258932	16258937	41	+	.	H4	1.0	True	0.9071837503603518	other	994
3L	findcluster	rover	16803082	16803087	52	+	.	H4	1.0	True	0.9071837503603518	other	995
3L	findcluster	rover	16857566	16857571	62	+	.	H4	1.0	True	0.9071837503603518	other	996
3L	findcluster	rover	17590410	17590414	44	+	.	H4	1.0	True	0.9071837503603518	other	997
3L	findcluster	rover	19940077	19940081	43	+	.	H4	1.0	True	0.9071837503603518	other	998
3R	findcluster	rover	8121918	8121924	51	+	.	H4	1.0	True	0.9071837503603518	other	999
3R	findcluster	rover	9951995	9952001	36	+	.	H4	1.0	True	0.9071837503603518	other	1000
3R	findcluster	rover	13764385	13764390	46	+	.	H4	1.0	True	0.9071837503603518	other	1001
3R	findcluster	rover	15560889	15560895	35	+	.	H4	1.0	True	0.9071837503603518	other	1002
3R	findcluster	rover	19072947	19072952	47	+	.	H4	1.0	True	0.9071837503603518	other	1003
3R	findcluster	rover	19100742	19100746	50	+	.	H4	1.0	True	0.9071837503603518	other	1004
3R	findcluster	rover	24621925	24621931	67	+	.	H4	1.0	True	0.9071837503603518	other	1005
3R	findcluster	rover	26566219	26566223	39	+	.	H4	1.0	True	0.9071837503603518	other	1006
3R	findcluster	rover	31662304	31662308	63	+	.	H4	1.0	True	0.9071837503603518	other	1007
X	findcluster	rover	10882188	10882192	43	+	.	H4	1.0	False	0.9071837503603518	other	1008
2R	findcluster	I-element	24999029	24999041	59	+	.	R1	1.0	True	0.9145046029475379	other	1042
3L	findcluster	rover	8439191	8439195	26	+	.	R1	1.0	True	0.9145046029475379	other	1043
3L	findcluster	copia	14783738	14783742	98	+	.	R1	1.0	True	0.9145046029475379	other	1044
X	findcluster	copia	16103852	16103856	41	+	.	R61	0.9534883720930233	False	0.9523727492694445	other	1074
2R	findcluster	I-element	20128500	20128511	48	+	.	R61	0.9696969696969697	True	0.9523727492694445	other	1075
2L	findcluster	rover	20004479	20004485	66	+	.	R61	1.0	True	0.9523727492694445	other	1076
2R	findcluster	copia	7090593	7090598	34	+	.	R61	1.0	True	0.9523727492694445	other	1077
2R	findcluster	I-element	8977185	8977196	53	+	.	R61	1.0	True	0.9523727492694445	other	1078
3L	findcluster	I-element	92212	92226	52	+	.	R61	1.0	True	0.9523727492694445	other	1079
3L	findcluster	I-element	817142	817154	57	+	.	R61	1.0	True	0.9523727492694445	other	1080
3L	findcluster	rover	12410280	12410284	61	+	.	R61	1.0	True	0.9523727492694445	other	1081
3L	findcluster	rover	17058890	17058897	9	+	.	R61	1.0	True	0.9523727492694445	other	1082
3R	findcluster	copia	11852417	11852422	22	+	.	R61	1.0	True	0.9523727492694445	other	1083
