reference	start	end	query_length	read_length	insert_reference	insert_start	insert_end	query_name	insert_orientation	sample	tsd_reference_start	tsd_reference_end	dist	pct_full_length	n_samples
3R	11656649	11656655	6552	7158	17.6	0	7428	1	+	Heads_D25_P2	11656655	11656649	6	0.9985213066272348	1
2L	8080254	8080257	7809	17759	roo	15	9092	1	-	Guts_D25_P2	8080257	8080254	3	0.9983501979762428	1
2R	3149400	3149406	8736	19026	roo	0	9092	1	+	Heads_D25_P2	3149406	3149400	6	1.0	1
2R	18038845	18038850	4566	13688	roo	6	9088	1	-	Heads_D25_P2	18038850	18038845	5	0.998900131984162	1
3L	20119483	20119489	8640	29350	roo	5	9092	2	-	Guts_D25_P2	20119489	20119483	6	0.9994500659920809	1
X	12916524	12916531	7895	10836	roo	6	9092	2	+	Heads_D25_P1	12916531	12916524	7	0.9993400791904972	1
X	22948129	22948133	8753	25427	roo	3	9092	2	-	Heads_D25_P1	22948133	22948129	4	0.9996700395952486	1
2L	290922	290928	7311	21109	Stalker2	0	7672	1	+	Heads_D25_P2	290928	290922	6	1.0	1
2L	3508060	3508061	7456	17918	Stalker2	0	7664	1	+	Heads_D25_P1	3508061	3508060	1	0.9989572471324296	1
2R	9852638	9852644	7466	13110	Stalker2	0	7672	1	-	Heads_D25_P1	9852644	9852638	6	1.0	1
2L	8164496	8164503	5068	7740	copia	0	5143	1	-	Guts_D25_P2	8164503	8164496	7	1.0	1
2L	19140928	19140934	4954	27787	copia	0	5143	1	-	Guts_D25_P2	19140934	19140928	6	1.0	1
2R	22062300	22062306	5105	21090	copia	0	5143	1	+	Guts_D25_P2	22062306	22062300	6	1.0	1
3L	1013185	1013201	4997	10280	copia	0	5143	1	+	Guts_D25_P1	1013201	1013185	16	1.0	1
3L	17507272	17507284	4829	19296	copia	0	5143	1	-	Guts_D25_P2	17507284	17507272	12	1.0	1
3R	15092800	15092803	5115	35841	copia	0	5143	1	+	Guts_D25_P2	15092803	15092800	3	1.0	1
3R	17681513	17681518	5033	11696	copia	8	5140	1	-	Guts_D25_P1	17681518	17681513	5	0.9978611705230409	1
3R	21613156	21613166	5118	10945	copia	0	5143	1	-	Guts_D25_P1	21613166	21613156	10	1.0	1
2R	15560942	15560947	6933	15629	springer	0	7542	1	-	Guts_D25_P1	15560947	15560942	5	0.9994699178372648	1
2R	17140226	17140228	7386	15958	springer	0	7542	1	-	Guts_D25_P2	17140228	17140226	2	0.9994699178372648	1
3L	2769873	2769874	7481	15963	springer	0	7543	1	-	Guts_D25_P1	2769874	2769873	1	0.9996024383779486	1
3L	7882499	7882502	7344	13656	springer	11	7542	1	+	Guts_D25_P2	7882502	7882499	3	0.9980121918897428	1
3L	21510357	21510362	7437	19305	springer	0	7543	1	-	Guts_D25_P2	21510362	21510357	5	0.9996024383779486	1
3R	4396068	4396073	7291	32413	springer	0	7543	1	+	Guts_D25_P1	4396073	4396068	5	0.9996024383779486	1
3R	11461840	11461841	7421	19139	springer	0	7542	1	+	Guts_D25_P1	11461841	11461840	1	0.9994699178372648	1
3R	12210511	12210516	7394	41327	springer	0	7543	1	-	Guts_D25_P2	12210516	12210511	5	0.9996024383779486	1
3R	13795232	13795238	7341	21799	springer	10	7543	1	+	Guts_D25_P1	13795238	13795232	6	0.9982772329711104	1
3R	27149107	27149111	7409	15159	springer	1	7542	1	-	Guts_D25_P1	27149111	27149107	4	0.999337397296581	1
X	13108439	13108441	7405	19938	springer	0	7543	1	-	Guts_D25_P2	13108441	13108439	2	0.9996024383779486	1
X	14948453	14948456	7139	15744	springer	0	7537	1	-	Guts_D25_P1	14948456	14948453	3	0.9988073151338458	1
X	19070335	19070338	6970	16051	springer	0	7538	1	-	Guts_D25_P2	19070338	19070335	3	0.9989398356745296	1
2L	1118019	1118035	7353	32731	rover	0	7318	1	-	Guts_D25_P2	1118035	1118019	16	1.0	1
2L	1721546	1721553	7282	20930	rover	0	7318	1	-	Guts_D25_P2	1721553	1721546	7	1.0	1
2L	3307619	3307620	7350	10565	rover	0	7312	1	+	Guts_D25_P2	3307620	3307619	1	0.999180103853512	1
2L	4366016	4366024	7367	13177	rover	0	7318	1	-	Guts_D25_P2	4366024	4366016	8	1.0	1
2L	6750648	6750655	7442	23789	rover	0	7318	1	+	Guts_D25_P2	6750655	6750648	7	1.0	1
2L	7079480	7079486	7272	18877	rover	14	7318	1	-	Guts_D25_P2	7079486	7079480	6	0.9980869089915276	1
2L	7137201	7137206	7165	24764	rover	0	7308	1	+	Guts_D25_P1	7137206	7137201	5	0.9986335064225198	1
2L	7326108	7326115	7267	12154	rover	0	7318	1	-	Guts_D25_P1	7326115	7326108	7	1.0	1
2L	7868071	7868076	4792	30146	rover	0	7318	1	+	Guts_D25_P2	7868076	7868071	5	1.0	1
2L	8704320	8704327	7368	9017	rover	0	7318	1	+	Guts_D25_P2	8704327	8704320	7	1.0	1
2L	9123290	9123297	7380	11141	rover	0	7318	1	-	Guts_D25_P1	9123297	9123290	7	1.0	1
2L	9548177	9548188	7304	12761	rover	0	7318	1	+	Guts_D25_P1	9548188	9548177	11	1.0	1
2L	10553923	10553929	7353	11368	rover	1	7318	1	+	Guts_D25_P2	10553929	10553923	6	0.9998633506422521	1
2L	13468356	13468363	7318	17476	rover	0	7318	1	-	Guts_D25_P1	13468363	13468356	7	1.0	1
2L	13515970	13515979	7314	16163	rover	0	7318	1	+	Guts_D25_P2	13515979	13515970	9	1.0	1
2L	14390330	14390335	7340	20806	rover	3	7318	1	+	Guts_D25_P2	14390335	14390330	5	0.9995900519267561	1
2L	15728576	15728577	7284	14674	rover	2	7318	1	+	Guts_D25_P1	15728577	15728576	1	0.999726701284504	1
2L	18549138	18549145	7307	12047	rover	0	7318	1	+	Guts_D25_P1	18549145	18549138	7	1.0	1
2L	20721884	20721890	7202	12105	rover	0	7313	1	-	Guts_D25_P2	20721890	20721884	6	0.99931675321126	1
2L	21337834	21337840	7380	10366	rover	0	7318	1	+	Guts_D25_P2	21337840	21337834	6	1.0	1
2R	6788319	6788326	7336	24197	rover	0	7318	1	-	Guts_D25_P2	6788326	6788319	7	1.0	1
2R	9228049	9228052	7056	10750	rover	0	7316	1	-	Guts_D25_P1	9228052	9228049	3	0.999726701284504	1
2R	9628909	9628917	7266	22411	rover	0	7318	1	+	Guts_D25_P1	9628917	9628909	8	1.0	1
2R	11427616	11427623	7340	11576	rover	0	7318	1	-	Guts_D25_P2	11427623	11427616	7	1.0	1
2R	11718636	11718642	7411	10692	rover	0	7318	1	-	Guts_D25_P2	11718642	11718636	6	1.0	1
2R	12716006	12716009	7377	13459	rover	0	7318	1	-	Guts_D25_P2	12716009	12716006	3	1.0	1
2R	12947176	12947186	7184	56581	rover	0	7318	1	-	Guts_D25_P2	12947186	12947176	10	1.0	1
2R	13189997	13190006	7365	15848	rover	0	7318	1	+	Guts_D25_P1	13190006	13189997	9	1.0	1
2R	13276591	13276596	7394	17703	rover	0	7318	1	-	Guts_D25_P2	13276596	13276591	5	1.0	1
2R	14772972	14772979	7310	18211	rover	0	7318	1	-	Guts_D25_P1	14772979	14772972	7	1.0	1
2R	15914111	15914113	7368	16850	rover	0	7318	1	+	Guts_D25_P1	15914113	15914111	2	1.0	1
2R	17710556	17710561	7448	22313	rover	14	7318	1	-	Guts_D25_P2	17710561	17710556	5	0.9980869089915276	1
2R	17861530	17861532	7311	11767	rover	2	7318	1	-	Guts_D25_P2	17861532	17861530	2	0.999726701284504	1
2R	20089843	20089849	7360	22078	rover	3	7316	1	+	Guts_D25_P2	20089849	20089843	6	0.99931675321126	1
2R	20805578	20805582	7358	18943	rover	0	7318	1	+	Guts_D25_P2	20805582	20805578	4	1.0	1
2R	21351058	21351065	7303	8507	rover	0	7318	1	+	Guts_D25_P2	21351065	21351058	7	1.0	1
2R	22596674	22596677	7255	16355	rover	0	7318	1	+	Guts_D25_P1	22596677	22596674	3	1.0	1
2R	24917204	24917210	7275	25533	rover	0	7318	1	+	Guts_D25_P1	24917210	24917204	6	1.0	1
3L	546152	546157	7279	10358	rover	0	7318	1	-	Heads_D25_P1	546157	546152	5	1.0	1
3L	559965	559980	7270	9225	rover	0	7318	1	-	Guts_D25_P1	559980	559965	15	1.0	1
3L	1032591	1032598	7325	16914	rover	0	7313	1	+	Guts_D25_P2	1032598	1032591	7	0.99931675321126	1
3L	3589519	3589535	7129	28701	rover	0	7316	1	-	Guts_D25_P1	3589535	3589519	16	0.999726701284504	1
3L	4349822	4349827	7401	14442	rover	0	7318	1	+	Guts_D25_P2	4349827	4349822	5	1.0	1
3L	4414735	4414739	7344	26314	rover	6	7317	1	-	Guts_D25_P2	4414739	4414735	4	0.9990434544957638	1
3L	6949392	6949400	7301	17302	rover	0	7314	1	-	Guts_D25_P2	6949400	6949392	8	0.999453402569008	1
3L	7781235	7781240	7314	20292	rover	8	7318	1	-	Guts_D25_P1	7781240	7781235	5	0.998906805138016	1
3L	8855171	8855178	7178	8763	rover	0	7312	1	+	Guts_D25_P1	8855178	8855171	7	0.999180103853512	1
3L	10364942	10364956	7336	16173	rover	0	7318	1	-	Guts_D25_P2	10364956	10364942	14	1.0	1
3L	10591078	10591097	7343	19055	rover	0	7318	1	-	Guts_D25_P1	10591097	10591078	19	1.0	1
3L	11345492	11345495	7246	18327	rover	0	7318	1	-	Guts_D25_P1	11345495	11345492	3	1.0	1
3L	11596097	11596103	7383	15935	rover	0	7318	1	-	Guts_D25_P2	11596103	11596097	6	1.0	1
3L	11789090	11789102	7329	11205	rover	0	7318	1	+	Guts_D25_P1	11789102	11789090	12	1.0	1
3L	12406650	12406656	7166	18671	rover	0	7318	1	+	Guts_D25_P1	12406656	12406650	6	1.0	1
3L	13234395	13234400	6884	32203	rover	0	7318	1	+	Guts_D25_P2	13234400	13234395	5	1.0	1
3R	5113879	5113887	7364	24299	rover	0	7315	1	-	Guts_D25_P2	5113887	5113879	8	0.9995900519267561	1
3R	5557743	5557746	7330	12344	rover	0	7318	1	-	Guts_D25_P2	5557746	5557743	3	1.0	1
3R	5857992	5857997	7379	20888	rover	0	7313	1	+	Guts_D25_P2	5857997	5857992	5	0.99931675321126	1
3R	6136405	6136407	7385	18039	rover	0	7313	1	-	Guts_D25_P2	6136407	6136405	2	0.99931675321126	1
3R	7938702	7938709	7350	9170	rover	13	7318	1	+	Guts_D25_P1	7938709	7938702	7	0.9982235583492758	1
3R	8873509	8873514	7363	24180	rover	0	7318	1	-	Guts_D25_P2	8873514	8873509	5	1.0	1
3R	10528869	10528874	7252	20669	rover	0	7316	1	-	Guts_D25_P1	10528874	10528869	5	0.999726701284504	1
3R	17702998	17703010	7459	10855	rover	13	7318	1	-	Guts_D25_P2	17703010	17702998	12	0.9982235583492758	1
3R	17850895	17850902	7372	10471	rover	0	7314	1	+	Guts_D25_P2	17850902	17850895	7	0.999453402569008	1
3R	18178685	18178693	7321	16192	rover	20	7318	1	+	Guts_D25_P2	18178693	18178685	8	0.9972670128450396	1
3R	18901136	18901152	7224	9176	rover	0	7318	1	-	Guts_D25_P1	18901152	18901136	16	1.0	1
3R	20652098	20652105	7322	23048	rover	0	7316	1	+	Guts_D25_P2	20652105	20652098	7	0.999726701284504	1
3R	23579340	23579347	7408	11559	rover	0	7318	1	+	Guts_D25_P2	23579347	23579340	7	1.0	1
3R	23665309	23665314	7384	32853	rover	25	7316	1	-	Guts_D25_P2	23665314	23665309	5	0.9963104673408036	1
3R	23917126	23917133	7469	26315	rover	0	7318	1	+	Guts_D25_P2	23917133	23917126	7	1.0	1
3R	24117516	24117523	7335	10622	rover	0	7318	1	-	Guts_D25_P1	24117523	24117516	7	1.0	1
3R	26599412	26599419	7388	21259	rover	0	7318	1	-	Guts_D25_P2	26599419	26599412	7	1.0	1
3R	29331585	29331592	7378	20343	rover	0	7314	1	+	Guts_D25_P2	29331592	29331585	7	0.999453402569008	1
3R	30877400	30877405	7321	21837	rover	0	7318	1	+	Guts_D25_P2	30877405	30877400	5	1.0	1
X	670527	670542	7315	11694	rover	2	7318	1	+	Heads_D25_P1	670542	670527	15	0.999726701284504	1
X	1249557	1249558	7183	9139	rover	8	7314	1	-	Guts_D25_P2	1249558	1249557	1	0.9983602077070238	1
X	2855369	2855376	7327	14573	rover	0	7318	1	-	Guts_D25_P2	2855376	2855369	7	1.0	1
X	3442255	3442256	7407	30696	rover	0	7318	1	+	Guts_D25_P2	3442256	3442255	1	1.0	1
X	4597460	4597467	7302	14034	rover	1	7318	1	-	Guts_D25_P1	4597467	4597460	7	0.9998633506422521	1
X	5093605	5093613	7117	47833	rover	0	7318	1	+	Guts_D25_P1	5093613	5093605	8	1.0	1
X	6134487	6134489	7402	16461	rover	0	7318	1	-	Guts_D25_P2	6134489	6134487	2	1.0	1
X	6167606	6167614	7317	24805	rover	0	7318	1	-	Guts_D25_P1	6167614	6167606	8	1.0	1
X	7314320	7314329	7380	16185	rover	0	7318	1	-	Guts_D25_P2	7314329	7314320	9	1.0	1
X	7589992	7589998	7364	21075	rover	2	7315	1	+	Guts_D25_P2	7589998	7589992	6	0.99931675321126	1
X	8886529	8886534	7389	26101	rover	0	7318	1	+	Guts_D25_P2	8886534	8886529	5	1.0	1
X	9182110	9182126	7271	9419	rover	6	7318	1	+	Guts_D25_P1	9182126	9182110	16	0.999180103853512	1
X	9474659	9474664	7333	20183	rover	0	7318	1	-	Guts_D25_P2	9474664	9474659	5	1.0	1
X	9967373	9967380	7351	11496	rover	6	7318	1	-	Guts_D25_P2	9967380	9967373	7	0.999180103853512	1
X	10485410	10485417	7281	11043	rover	0	7318	1	-	Guts_D25_P1	10485417	10485410	7	1.0	1
X	10674569	10674575	7245	18368	rover	0	7318	1	-	Guts_D25_P1	10674575	10674569	6	1.0	1
X	10739912	10739926	7308	13041	rover	8	7318	1	-	Guts_D25_P1	10739926	10739912	14	0.998906805138016	1
X	11358566	11358586	7107	14179	rover	0	7315	1	-	Guts_D25_P1	11358586	11358566	20	0.9995900519267561	1
X	11517346	11517357	7313	24882	rover	1	7318	1	-	Guts_D25_P2	11517357	11517346	11	0.9998633506422521	1
X	11963407	11963427	7255	12850	rover	0	7318	1	+	Guts_D25_P1	11963427	11963407	20	1.0	1
X	12086796	12086822	7247	43399	rover	0	7315	2	+	Guts_D25_P1	12086822	12086807	26	0.9995900519267561	1
X	12709611	12709617	7259	13272	rover	3	7317	1	-	Guts_D25_P1	12709617	12709611	6	0.999453402569008	1
X	13531387	13531394	7165	38104	rover	0	7309	1	+	Guts_D25_P1	13531394	13531387	7	0.9987701557802678	1
X	13965405	13965415	7354	15476	rover	0	7308	1	-	Guts_D25_P2	13965415	13965405	10	0.9986335064225198	1
X	14448121	14448128	7258	28276	rover	6	7318	1	-	Guts_D25_P1	14448128	14448121	7	0.999180103853512	1
X	16956479	16956489	7337	8131	rover	0	7315	1	+	Guts_D25_P2	16956489	16956479	10	0.9995900519267561	1
X	18094445	18094453	7317	13019	rover	0	7318	1	+	Guts_D25_P2	18094453	18094445	8	1.0	1
X	18153987	18153990	7381	10202	rover	0	7318	1	-	Guts_D25_P2	18153990	18153987	3	1.0	1
X	19297317	19297324	7211	12689	rover	0	7318	1	+	Guts_D25_P1	19297324	19297317	7	1.0	1
X	19304942	19304952	7337	20431	rover	2	7318	1	-	Guts_D25_P2	19304952	19304942	10	0.999726701284504	1
X	19375202	19375209	7253	21972	rover	0	7318	1	-	Guts_D25_P1	19375209	19375202	7	1.0	1
X	19714017	19714024	7453	10531	rover	6	7318	1	-	Guts_D25_P2	19714024	19714017	7	0.999180103853512	1
X	21292648	21292655	7314	34710	rover	0	7315	1	-	Guts_D25_P1	21292655	21292648	7	0.9995900519267561	1
3R	3959011	3959019	6989	20182	Stalker	3	7249	3	-	Heads_D25_P2	3959019	3959011	8	0.9986218302094818	1
X	23415851	23415857	5217	15666	Stalker	0	7249	3	-	Heads_D25_P2	23415857	23415851	6	0.9990352811466372	1
2L	6884153	6884165	2079	15301	jockey	16	5020	1	-	Heads_D25_P2	6884165	6884153	12	0.996812749003984	1
3R	23725986	23725987	6332	28557	Burdock	0	6411	1	+	Guts_D25_P1	23725987	23725986	1	1.0	1
X	5616587	5616593	1693	10079	S-element	0	1736	3	-	Guts_D25_P2	5616593	5616588	6	1.0	1
2R	8324731	8324740	2930	41864	hobo	0	2959	4	-	Guts_D25_P2	8324740	8324731	9	1.0	1
3R	7875139	7875150	973	19319	hobo	0	2957	1	-	Guts_D25_P1	7875150	7875139	11	0.9993240959783709	1
3R	11333594	11333605	918	11133	hobo	0	2957	2	-	Guts_D25_P2	11333602	11333594	11	0.9993240959783709	1
3R	19528975	19528983	906	7166	hobo	0	2956	2	-	Guts_D25_P2	19528983	19528975	8	0.9989861439675566	1
X	12821073	12821086	897	12018	hobo	0	2959	4	+	Guts_D25_P2	12821086	12821080	13	1.0	1
X	14260601	14260613	1629	17820	hobo	8	2959	1	+	Heads_D25_P1	14260613	14260601	12	0.9972963839134844	1
2L	3649323	3649327	1663	36029	Bari1	3	1728	1	+	Heads_D25_P2	3649327	3649323	4	0.9982638888888888	1
3L	1563513	1563518	1688	24819	Bari1	0	1728	1	+	Guts_D25_P1	1563518	1563513	5	1.0	1
2R	1717690	1717710	4664	11445	Doc	5	4724	5	-	Guts_D25_P2	1717710	1717698	20	0.9987301587301588	1
3L	8580132	8580146	5996	9749	diver	0	6112	1	+	Guts_D25_P2	8580146	8580132	14	1.0	1
2R	6885359	6885363	4883	9056	flea	9	5033	1	+	Heads_D25_P2	6885363	6885359	4	0.9980135081446166	1
X	16563753	16563758	4924	17940	flea	0	5034	1	-	Heads_D25_P1	16563758	16563753	5	1.0	1
X	23281167	23281172	1960	17078	gypsy2	0	6841	4	+	Heads_D25_P1	23281172	23281167	5	1.0	1
X	13377303	13377307	5252	13771	I-element	3	5359	1	+	Guts_D25_P2	13377307	13377303	4	0.9972072239806368	1
X	14502626	14502632	5437	8393	micropia	0	5461	2	+	Guts_D25_P2	14502632	14502626	6	1.0	1
