index	chrom	start	end	insertion	strand	somatic	N_samples	overlaps	support	nref	vaf	private	BD-10-head	BD-9-head	KD-8-head	KD-6-head	BD-10-tumor	BD-09-tumor	KD-8-tumor	KD-6-tumor	median_coverage	early_developmental
0	Y	501595	501612	Tc3	+	True	1	{'KD-8-tumor_325'}	[(0, 2)]	[14]	[0.125]	False	31	5	33	35	19	38	43	23	31.0	False
0	Y	50331	50347	mdg1	+	True	1	{'BD-10-tumor_34'}	[(2, 10)]	[29]	[0.2926829268292683]	False	51	36	55	69	42	70	65	56	55.0	False
0	X	19297794	19297826	Rt1b	+	True	1	{'KD-6-tumor_35'}	[(0, 2)]	[11]	[0.15384615384615385]	False	54	22	57	50	44	68	63	52	52.0	False
0	X	19247074	19247085	jockey	+	True	1	{'BD-10-tumor_26'}	[(0, 2)]	[48]	[0.04]	False	81	44	68	97	79	73	71	68	71.0	False
0	X	18448482	18448487	roo	+	True	1	{'KD-6-tumor_51'}	[(1, 1)]	[27]	[0.06896551724137931]	False	95	64	66	83	76	125	88	74	76.0	False
0	X	17445671	17445695	opus	+	True	1	{'KD-6-tumor_38'}	[(5, 5)]	[23]	[0.30303030303030304]	False	30	10	21	40	29	26	44	26	26.0	False
0	X	12778933	12778937	roo	+	True	1	{'KD-6-tumor_78'}	[(1, 3)]	[23]	[0.14814814814814814]	False	74	37	66	88	63	90	99	96	74.0	False
0	X	12677176	12677199	opus	+	True	1	{'BD-09-tumor_40'}	[(4, 2)]	[33]	[0.15384615384615385]	False	80	31	54	107	52	51	61	81	54.0	False
0	X	11691612	11691632	Tabor	+	True	1	{'BD-10-head_47'}	[(0, 3)]	[31]	[0.08823529411764706]	False	47	33	65	33	47	58	62	41	47.0	False
0	X	10317207	10317226	Tabor	+	True	1	{'KD-8-tumor_36'}	[(4, 7)]	[33]	[0.25]	False	102	80	114	87	78	142	110	106	102.0	False
0	X	8524757	8524782	Tabor	+	True	1	{'KD-6-head_119'}	[(0, 2)]	[32]	[0.058823529411764705]	False	92	56	77	99	106	91	92	91	91.0	False
0	X	7840686	7840712	Tabor	+	True	1	{'KD-6-head_39'}	[(1, 3)]	[25]	[0.13793103448275862]	False	111	56	90	114	82	99	126	77	90.0	False
0	X	7587820	7587824	roo	+	True	1	{'BD-10-tumor_49'}	[(4, 5)]	[24]	[0.2727272727272727]	False	124	59	95	116	95	118	133	111	111.0	False
0	X	5435174	5435187	jockey	+	True	1	{'BD-09-tumor_51'}	[(1, 1)]	[23]	[0.08]	False	58	50	72	70	86	60	62	70	62.0	False
0	X	5394259	5394290	mdg1	+	True	1	{'BD-09-tumor_48'}	[(1, 2)]	[11]	[0.21428571428571427]	False	37	23	40	59	29	33	69	53	37.0	False
0	X	5211440	5211460	opus	+	True	1	{'BD-09-tumor_31'}	[(2, 4)]	[49]	[0.10909090909090909]	False	48	16	41	63	21	42	56	39	41.0	False
0	X	4914962	4914984	Tabor	+	True	1	{'KD-8-tumor_72'}	[(0, 11)]	[32]	[0.2558139534883721]	False	36	13	46	49	25	52	60	37	37.0	False
0	X	4441300	4441325	mdg1	+	True	1	{'BD-09-tumor_32'}	[(1, 4)]	[46]	[0.09803921568627451]	False	97	38	92	91	83	87	99	81	87.0	False
0	X	3135641	3135647	copia	+	True	1	{'BD-09-tumor_20'}	[(0, 7)]	[0]	[1.0]	False	26	26	30	32	26	41	83	53	30.0	False
0	X	2898246	2898262	opus	+	True	1	{'BD-10-tumor_76'}	[(1, 2)]	[44]	[0.06382978723404255]	False	75	30	39	66	41	59	64	52	52.0	False
0	X	1184124	1184130	copia	+	True	1	{'KD-8-tumor_22'}	[(0, 2)]	[40]	[0.047619047619047616]	False	85	35	68	88	77	75	67	64	68.0	False
0	4	629946	629960	R1A1-element	+	True	1	{'BD-10-tumor_309'}	[(1, 1)]	[24]	[0.07692307692307693]	False	91	56	79	104	63	82	94	67	79.0	False
0	4	535987	535995	297	+	True	1	{'KD-6-head_242'}	[(1, 1)]	[79]	[0.024691358024691357]	False	85	84	93	99	101	78	96	75	85.0	False
0	3R	30528541	30528559	invader4	+	True	1	{'BD-10-tumor_50'}	[(0, 2)]	[79]	[0.024691358024691357]	False	64	23	67	53	36	33	54	80	53.0	False
0	3R	29256440	29256443	Doc	+	True	1	{'BD-09-tumor_22'}	[(3, 10)]	[115]	[0.1015625]	False	39	21	56	49	35	33	49	51	39.0	False
0	3R	27282477	27282480	F-element	+	True	1	{'KD-6-tumor_35'}	[(0, 3)]	[69]	[0.041666666666666664]	False	115	78	99	102	81	110	132	82	99.0	False
0	3R	26090445	26090476	Tabor	+	True	1	{'BD-10-tumor_8'}	[(2, 1)]	[18]	[0.14285714285714285]	False	141	80	115	108	135	119	134	113	115.0	False
0	3R	22931038	22931051	BS	+	True	1	{'KD-6-tumor_160'}	[(2, 12)]	[69]	[0.1686746987951807]	False	74	51	107	108	86	122	131	111	107.0	False
0	3R	21840182	21840186	copia	+	True	1	{'BD-10-tumor_89'}	[(2, 4)]	[93]	[0.06060606060606061]	False	59	50	77	73	79	77	72	65	72.0	False
0	3R	21601987	21601991	297	+	True	1	{'KD-8-tumor_25'}	[(0, 4)]	[66]	[0.05714285714285714]	False	34	42	31	46	26	53	70	54	42.0	False
0	3R	20892129	20892136	roo	+	True	1	{'KD-8-tumor_57'}	[(9, 13)]	[47]	[0.3188405797101449]	False	83	90	95	87	86	106	115	84	87.0	False
0	3R	20060921	20060925	roo	+	True	1	{'KD-8-tumor_2'}	[(2, 2)]	[71]	[0.05333333333333334]	False	33	20	26	31	12	44	44	36	31.0	False
0	3R	17712129	17712134	copia	+	True	1	{'BD-10-tumor_56'}	[(0, 3)]	[26]	[0.10344827586206896]	False	53	31	62	41	45	55	47	48	47.0	False
0	3R	14623091	14623134	Tabor	+	True	1	{'KD-6-head_37'}	[(2, 3)]	[78]	[0.060240963855421686]	False	111	84	130	144	127	125	101	112	112.0	False
0	3R	9919653	9919658	copia	+	True	1	{'KD-8-tumor_91'}	[(2, 8)]	[107]	[0.08547008547008547]	False	107	47	70	101	105	105	94	89	94.0	False
0	3R	9101071	9101098	Tabor	+	True	1	{'BD-09-tumor_10'}	[(9, 11)]	[64]	[0.23809523809523808]	False	124	69	92	96	101	100	89	90	92.0	False
0	3R	5783007	5783038	R1A1-element	+	True	1	{'KD-6-tumor_159'}	[(3, 0)]	[110]	[0.02654867256637168]	False	90	53	65	60	71	82	89	93	71.0	False
0	3R	5080025	5080030	copia	+	True	1	{'KD-8-tumor_9'}	[(2, 3)]	[51]	[0.08928571428571429]	False	73	49	79	80	87	92	95	66	79.0	False
0	3R	4175202	4175237	gypsy4	+	True	1	{'BD-10-tumor_149'}	[(0, 2)]	[93]	[0.021052631578947368]	False	106	62	95	73	86	114	110	96	95.0	False
0	3R	3793288	3793294	invader4	+	True	1	{'KD-6-tumor_919'}	[(2, 2)]	[90]	[0.0425531914893617]	False	33	32	27	51	66	55	73	56	51.0	False
0	3R	3749666	3749677	S-element	+	True	1	{'KD-8-tumor_775'}	[(2, 2)]	[58]	[0.06451612903225806]	False	25	14	19	20	38	26	29	24	24.0	False
0	3R	3006580	3006615	baggins	+	True	1	{'BD-10-tumor_14'}	[(0, 2)]	[45]	[0.0425531914893617]	False	95	48	103	89	88	78	80	76	80.0	False
0	3L	25461906	25461931	roo	+	True	1	{'KD-6-tumor_559'}	[(4, 1)]	[82]	[0.05747126436781609]	False	66	42	90	58	63	69	84	106	66.0	False
0	3L	24602361	24602392	opus	+	True	1	{'BD-10-tumor_560'}	[(0, 2)]	[33]	[0.05714285714285714]	False	85	84	93	99	101	78	96	75	85.0	False
0	3L	23589667	23589674	1360	+	True	1	{'BD-9-head_563'}	[(0, 2)]	[22]	[0.08333333333333333]	False	106	69	84	97	88	110	107	77	88.0	False
0	3L	23261708	23261733	diver	+	True	1	{'BD-10-tumor_258'}	[(1, 2)]	[60]	[0.047619047619047616]	False	69	26	68	67	71	67	77	65	67.0	False
0	3L	23034817	23034839	mdg1	+	True	1	{'KD-8-tumor_18'}	[(2, 6)]	[78]	[0.09302325581395349]	False	40	36	45	60	23	56	60	43	43.0	False
0	3L	22036834	22036859	F-element	+	True	1	{'KD-6-tumor_6'}	[(2, 1)]	[46]	[0.061224489795918366]	False	120	39	109	93	95	99	126	96	96.0	False
0	3L	22002577	22002604	1360	+	True	1	{'KD-8-head_0'}	[(1, 1)]	[63]	[0.03076923076923077]	False	69	43	80	79	96	91	102	65	79.0	False
0	3L	19896041	19896046	copia	+	True	1	{'BD-10-tumor_113'}	[(4, 4)]	[51]	[0.13559322033898305]	False	48	32	48	66	40	57	69	71	48.0	False
0	3L	19088104	19088109	copia	+	True	1	{'KD-6-tumor_15'}	[(0, 9)]	[40]	[0.1836734693877551]	False	58	24	47	72	31	48	63	54	48.0	False
0	3L	18189265	18189269	copia	+	True	1	{'KD-8-tumor_14'}	[(3, 3)]	[46]	[0.11538461538461539]	False	52	34	54	58	42	50	51	52	51.0	False
0	3L	16242776	16242781	17.6	+	True	1	{'KD-6-tumor_45'}	[(6, 6)]	[32]	[0.2727272727272727]	False	76	37	68	89	62	103	88	59	68.0	False
1	3L	15227866	15227891	opus	+	True	2	{'KD-8-tumor_17', 'BD-10-tumor_29'}	[(2, 7), (4, 9)]	[90, 74]	[0.09090909090909091, 0.14942528735632185]	False	40	44	67	61	37	63	93	54	54.0	False
0	3L	14178860	14178864	roo	+	True	1	{'KD-6-tumor_34'}	[(1, 1)]	[68]	[0.02857142857142857]	False	47	30	41	54	43	54	68	48	47.0	False
0	3L	13498629	13498634	roo	+	True	1	{'KD-8-tumor_25'}	[(5, 7)]	[47]	[0.2033898305084746]	False	17	19	35	41	16	34	58	38	34.0	False
0	3L	12093322	12093327	297	+	True	1	{'BD-09-tumor_6'}	[(0, 2)]	[33]	[0.05714285714285714]	False	18	8	23	17	15	33	28	56	18.0	False
0	3L	5704139	5704144	copia	+	True	1	{'KD-8-tumor_58'}	[(2, 1)]	[54]	[0.05263157894736842]	False	79	51	85	109	80	106	68	92	80.0	False
0	3L	5220307	5220342	mdg1	+	True	1	{'KD-6-tumor_28'}	[(3, 4)]	[75]	[0.08536585365853659]	False	55	26	56	47	41	57	70	60	55.0	False
0	3L	5093405	5093423	opus	+	True	1	{'BD-10-head_6'}	[(0, 5)]	[26]	[0.16129032258064516]	False	75	44	63	60	69	72	86	64	64.0	False
0	3L	5062296	5062333	Stalker4	+	True	1	{'KD-6-tumor_8'}	[(0, 5)]	[45]	[0.1]	False	81	60	75	83	87	98	99	54	81.0	False
0	3L	4120897	4120909	Doc	+	True	1	{'KD-6-tumor_12'}	[(1, 2)]	[51]	[0.05555555555555555]	False	64	79	73	82	89	100	96	73	79.0	False
0	2R	25000927	25000932	copia	+	True	1	{'KD-8-tumor_0'}	[(3, 7)]	[86]	[0.10416666666666667]	False	57	44	86	98	83	91	87	95	86.0	False
0	2R	23141102	23141151	Stalker4	+	True	1	{'BD-10-tumor_14'}	[(2, 0)]	[110]	[0.017857142857142856]	False	50	30	42	52	63	37	58	48	48.0	False
0	2R	21139893	21139900	copia	+	True	1	{'BD-10-tumor_15'}	[(7, 3)]	[56]	[0.15151515151515152]	False	27	20	46	44	30	33	50	42	33.0	False
0	2R	20646267	20646294	Tabor	+	True	1	{'KD-6-tumor_100'}	[(0, 4)]	[81]	[0.047058823529411764]	False	66	15	54	61	24	43	67	44	44.0	False
0	2R	20459725	20459750	mdg1	+	True	1	{'KD-6-tumor_74'}	[(6, 8)]	[67]	[0.1728395061728395]	False	57	41	44	68	65	74	90	62	62.0	False
1	2R	20459725	20459750	HMS-Beagle	+	True	2	{'KD-8-tumor_28', 'BD-10-tumor_70'}	[(3, 4), (3, 5)]	[84, 82]	[0.07692307692307693, 0.08888888888888889]	False	74	47	76	83	54	58	65	69	65.0	False
0	2R	20316111	20316115	297	+	True	1	{'BD-09-tumor_14'}	[(2, 2)]	[32]	[0.1111111111111111]	False	72	42	76	104	63	82	70	77	72.0	False
0	2R	20136548	20136554	copia	+	True	1	{'KD-6-tumor_18'}	[(2, 1)]	[84]	[0.034482758620689655]	False	81	58	100	94	95	83	88	77	83.0	False
0	2R	20125213	20125217	copia	+	True	1	{'KD-8-tumor_7'}	[(5, 3)]	[77]	[0.09411764705882353]	False	128	62	99	97	89	131	110	89	97.0	False
0	2R	19786950	19786954	copia	+	True	1	{'KD-6-tumor_90'}	[(3, 0)]	[76]	[0.0379746835443038]	False	105	69	93	96	97	85	105	84	93.0	False
0	2R	19420179	19420184	297	+	True	1	{'KD-8-tumor_25'}	[(0, 4)]	[80]	[0.047619047619047616]	False	95	81	118	134	97	97	129	122	97.0	False
0	2R	19031033	19031058	Tabor	+	True	1	{'KD-8-tumor_4'}	[(0, 2)]	[69]	[0.028169014084507043]	False	48	68	84	67	88	59	98	81	68.0	False
0	2R	18952594	18952617	Tabor	+	True	1	{'BD-10-tumor_110'}	[(2, 2)]	[80]	[0.047619047619047616]	False	65	49	60	75	46	91	59	56	59.0	False
0	2R	17274399	17274403	297	+	True	1	{'BD-09-tumor_10'}	[(1, 1)]	[36]	[0.05263157894736842]	False	37	18	20	25	34	34	42	50	34.0	False
0	2R	16826956	16826968	Doc	+	True	1	{'BD-09-tumor_33'}	[(9, 6)]	[53]	[0.22058823529411764]	False	78	37	68	83	63	80	74	68	68.0	False
0	2R	15764850	15764853	blood	+	True	1	{'BD-09-tumor_46'}	[(1, 2)]	[40]	[0.06976744186046512]	False	38	24	49	65	68	38	45	62	45.0	False
0	2R	13979531	13979536	297	+	True	1	{'KD-8-tumor_57'}	[(7, 4)]	[35]	[0.2391304347826087]	False	49	35	51	53	34	51	77	61	51.0	False
0	2R	12783011	12783034	opus	+	True	1	{'BD-09-tumor_55'}	[(4, 8)]	[117]	[0.09302325581395349]	False	101	92	101	102	103	128	135	98	101.0	False
0	2R	12247012	12247014	pogo	+	True	1	{'KD-6-tumor_44'}	[(0, 2)]	[51]	[0.03773584905660377]	False	71	38	50	61	63	49	67	67	61.0	False
0	2R	10539272	10539294	Tabor	+	True	1	{'KD-6-head_40'}	[(5, 7)]	[97]	[0.11009174311926606]	False	110	54	96	93	72	120	115	91	93.0	False
0	2R	10529562	10529584	mdg1	+	True	1	{'BD-10-tumor_75'}	[(3, 5)]	[43]	[0.1568627450980392]	False	89	61	87	54	98	98	114	72	87.0	False
0	2R	10256463	10256510	Tabor	+	True	1	{'KD-6-head_21'}	[(2, 16)]	[110]	[0.140625]	False	137	56	115	134	118	140	135	99	118.0	False
0	2R	9002707	9002711	roo	+	True	1	{'KD-6-tumor_2'}	[(1, 2)]	[92]	[0.031578947368421054]	False	83	66	81	90	86	78	110	106	83.0	False
0	2R	7883783	7883806	GATE	+	True	1	{'BD-10-tumor_108'}	[(0, 3)]	[52]	[0.05454545454545454]	False	66	28	43	55	51	80	78	60	55.0	False
0	2R	7492485	7492488	blood	+	True	1	{'BD-10-tumor_63'}	[(2, 4)]	[103]	[0.05504587155963303]	False	74	45	66	106	59	50	80	68	66.0	False
0	2R	7490079	7490081	1360	+	True	1	{'KD-6-tumor_77'}	[(0, 2)]	[46]	[0.041666666666666664]	False	66	17	60	84	36	69	80	67	66.0	False
0	2R	6268726	6268751	HMS-Beagle2	+	True	1	{'KD-8-tumor_58'}	[(0, 2)]	[43]	[0.044444444444444446]	False	55	19	57	54	31	50	59	57	54.0	False
0	2R	6168158	6168163	copia	+	True	1	{'BD-09-tumor_35'}	[(1, 1)]	[48]	[0.04]	False	16	10	19	23	7	26	14	15	15.0	False
0	2R	6026458	6026466	roo	+	True	1	{'KD-6-tumor_5'}	[(0, 2)]	[31]	[0.06060606060606061]	False	36	16	21	21	43	44	37	28	28.0	False
0	2R	5260933	5260964	Tc1-2	+	True	1	{'KD-6-tumor_342'}	[(2, 2)]	[31]	[0.11428571428571428]	False	38	30	37	33	21	42	50	37	37.0	False
0	2R	4844085	4844104	hopper	+	True	1	{'KD-8-head_958'}	[(10, 4)]	[84]	[0.14285714285714285]	False	23	15	36	39	19	37	58	18	23.0	False
0	2R	1413942	1413954	Stalker4	+	True	1	{'KD-6-tumor_493'}	[(2, 2)]	[44]	[0.08333333333333333]	False	24	17	24	25	21	30	26	30	24.0	False
0	2R	1023101	1023125	BS	+	True	1	{'KD-6-head_42'}	[(15, 12)]	[42]	[0.391304347826087]	False	40	42	41	36	51	36	44	48	41.0	False
0	2R	716801	716811	gypsy12	+	True	1	{'BD-9-head_339'}	[(0, 2)]	[8]	[0.2]	False	48	37	45	44	37	50	39	35	39.0	False
0	2R	501695	501743	1360	+	True	1	{'KD-6-tumor_366'}	[(3, 1)]	[53]	[0.07017543859649122]	False	24	43	29	45	47	41	16	8	29.0	False
0	2L	22695346	22695380	Max-element	+	True	1	{'KD-6-tumor_700'}	[(0, 2)]	[69]	[0.028169014084507043]	False	42	29	51	44	50	76	66	72	50.0	False
0	2L	22567924	22567951	Porto1	+	True	1	{'BD-09-tumor_510'}	[(1, 1)]	[55]	[0.03508771929824561]	False	23	28	31	40	29	29	38	37	29.0	False
0	2L	22241999	22242044	INE-1	+	True	1	{'BD-09-tumor_181'}	[(0, 2)]	[87]	[0.02247191011235955]	False	49	27	39	64	55	43	42	50	43.0	False
0	2L	20150427	20150427	G-element	+	True	1	{'BD-10-head_45'}	[(1, 1)]	[70]	[0.027777777777777776]	False	15	3	10	26	14	21	21	14	14.0	False
0	2L	18370633	18370656	ZAM	+	True	1	{'KD-6-head_22'}	[(3, 3)]	[129]	[0.044444444444444446]	False	42	28	50	38	49	41	59	41	41.0	False
0	2L	18084425	18084436	jockey	+	True	1	{'KD-6-tumor_7'}	[(1, 1)]	[112]	[0.017543859649122806]	False	36	27	51	29	22	42	25	37	29.0	False
0	2L	15481783	15481796	I-element	+	True	1	{'KD-8-tumor_17'}	[(4, 2)]	[31]	[0.16216216216216217]	False	23	31	36	41	49	62	61	27	36.0	False
0	2L	15100994	15100997	blood	+	True	1	{'KD-6-tumor_10'}	[(4, 2)]	[62]	[0.08823529411764706]	False	27	11	35	48	26	58	26	31	27.0	False
0	2L	14892264	14892302	F-element	+	True	1	{'KD-6-tumor_131'}	[(1, 1)]	[63]	[0.03076923076923077]	False	38	39	27	29	39	38	32	30	32.0	False
0	2L	13127100	13127123	Stalker2	+	True	1	{'KD-6-tumor_15'}	[(0, 3)]	[101]	[0.028846153846153848]	False	26	27	35	28	48	43	38	31	31.0	False
0	2L	11209241	11209246	297	+	True	1	{'BD-09-tumor_14'}	[(0, 6)]	[44]	[0.12]	False	45	18	41	42	46	28	38	34	38.0	False
0	2L	11174969	11174974	297	+	True	1	{'BD-09-tumor_12'}	[(0, 2)]	[31]	[0.06060606060606061]	False	36	15	17	19	16	27	17	24	17.0	False
0	2L	2734465	2734470	297	+	True	1	{'KD-8-tumor_42'}	[(0, 4)]	[52]	[0.07142857142857142]	False	24	27	33	36	56	38	25	27	27.0	False
