chrom	start	end	insertion	sample	coverage	vaf
Y	3631688	3631688	Stalker3	R30_head	72	0.16901408450704225
Y	1445089	1445095	rover	R43_gut	35	0.7142857142857143
X	22848299	22848303	rover	R39_gut	120	0.3
X	22835722	22835727	copia	R57_gut	47	0.5909090909090909
X	22598274	22598286	G-element	R53_gut	44	0.3
X	22546789	22546793	rover	R11_gut	49	0.872093023255814
X	21279804	21279808	rover	R11_gut	45	0.21052631578947367
X	21243320	21243325	rover	R45_gut	10	0.6956521739130435
X	20066188	20066193	rover	R55_gut	46	0.4
X	19748094	19748099	rover	R33_gut	61	0.6363636363636364
X	19568808	19568812	rover	R61_gut	59	0.9142857142857143
X	19455130	19455135	rover	R41A_gut	48	0.8
X	19400442	19400447	rover	R9_gut	42	0.8064516129032258
X	19335823	19335826	rover	R13_gut	119	0.4642857142857143
X	19297318	19297323	rover	H7_gut	43	0.3137254901960784
X	19249603	19249607	rover	R53_gut	40	1.0
X	18970118	18970122	rover	R29_gut	65	0.2222222222222222
X	18663340	18663350	invader1	R42B_head	47	0.03389830508474576
X	18663340	18663350	invader1	R42A_head	47	0.03389830508474576
X	18294955	18294960	rover	R53_gut	49	0.9473684210526315
X	18121886	18121891	rover	H7_gut	39	0.43478260869565216
X	18114805	18114810	rover	R35_gut	33	0.7142857142857143
X	17733114	17733118	rover	R31_gut	54	0.8421052631578947
X	17658206	17658211	rover	H7_gut	79	0.5652173913043478
X	17439636	17439641	rover	R45_gut	70	0.9375
X	17340505	17340532	F-element	H1_gut	50	0.21951219512195122
X	17287751	17287756	rover	R25_gut	37	0.35294117647058826
X	17030043	17030048	rover	R11_gut	55	0.25925925925925924
X	16946092	16946098	rover	R11_gut	113	0.9204545454545454
X	16851603	16851608	rover	R33_gut	68	0.8888888888888888
X	16832282	16832287	rover	H4_gut	44	0.9545454545454546
X	16830667	16830671	rover	R33_gut	63	0.5555555555555556
X	16724868	16724874	rover	R13_gut	123	0.7868852459016393
X	16689096	16689101	copia	R39_gut	72	0.6
X	16634428	16634433	copia	R43_gut	41	0.9024390243902439
X	16614730	16614734	rover	R29_gut	29	0.8709677419354839
X	16614514	16614519	rover	H7_gut	70	0.2631578947368421
X	16555607	16555611	rover	R27_gut	64	0.7368421052631579
X	16479015	16479020	rover	H7_gut	43	0.5
X	16103852	16103856	copia	R61_gut	21	0.9534883720930233
X	15808862	15808869	rover	R41A_gut	43	0.5636363636363636
X	15808565	15808569	rover	R23_gut	84	0.07692307692307693
X	15808564	15808569	rover	R33_gut	89	0.3409090909090909
X	15665841	15665846	rover	R51_gut	46	0.6666666666666666
X	15645453	15645465	Doc	R49_gut	38	0.2727272727272727
X	15632346	15632351	rover	R39_gut	53	0.84
X	15629965	15629971	rover	R39_gut	25	0.25
X	15494599	15494611	I-element	R3_gut	150	0.7870370370370371
X	15408583	15408588	rover	R35_gut	6	0.6
X	15313395	15313400	rover	H7_gut	52	0.5925925925925926
X	15283036	15283041	rover	H4_gut	34	0.54
X	15080895	15080901	rover	R41A_gut	51	0.627906976744186
X	14952248	14952252	rover	R29_gut	25	0.13333333333333333
X	14952245	14952249	rover	H1_gut	80	0.7222222222222222
X	14808807	14808812	rover	R33_gut	28	0.6470588235294118
X	14591482	14591487	rover	H1_gut	38	0.75
X	14204906	14204910	rover	H4_gut	40	0.9565217391304348
X	13988288	13988293	rover	R33_gut	27	0.6363636363636364
X	13749896	13749901	rover	R53_gut	5	1.0
X	13570426	13570431	rover	H7_gut	87	0.9285714285714286
X	13472644	13472649	rover	R33_gut	59	0.5789473684210527
X	13375979	13375985	rover	H7_gut	57	0.3469387755102041
X	12984638	12984642	copia	R41A_gut	36	0.3333333333333333
X	12775038	12775043	rover	H7_gut	94	0.43478260869565216
X	12773937	12773951	297	R11_gut	67	0.041666666666666664
X	12749476	12749481	rover	R33_gut	18	0.8571428571428571
X	12725638	12725642	copia	H7_gut	79	0.3055555555555556
X	12609761	12609766	rover	R13_gut	44	0.8771929824561403
X	12583937	12583942	copia	R41A_gut	42	0.5833333333333334
X	12155568	12155573	rover	R57_gut	63	0.7058823529411765
X	12031870	12031875	rover	R9_gut	42	0.7647058823529411
X	11921249	11921254	rover	R59_gut	26	0.9090909090909091
X	11764826	11764830	rover	R11_gut	92	0.24444444444444444
X	11514798	11514803	rover	H4_gut	66	0.9333333333333333
X	11507594	11507599	rover	R33_gut	48	0.6808510638297872
X	11442645	11442650	rover	R27_gut	70	0.23529411764705882
X	10899323	10899329	rover	R25_gut	46	0.7777777777777778
X	10882188	10882192	rover	H4_gut	27	1.0
X	10775328	10775332	rover	H7_gut	64	0.2
X	10766937	10766942	rover	R37_gut	60	0.6842105263157895
X	10619540	10619554	jockey	R13_gut	60	0.6956521739130435
X	10603859	10603863	diver	R37_gut	58	0.3
X	10433068	10433073	rover	R9_gut	84	0.3125
X	10323058	10323064	rover	R41A_gut	62	0.711864406779661
X	10236709	10236713	rover	H7_gut	100	0.30434782608695654
X	10076846	10076851	rover	R35_gut	3	0.625
X	9844065	9844070	rover	H4_gut	58	0.8108108108108109
X	9699886	9699891	rover	R33_gut	12	0.7575757575757576
X	9344347	9344351	rover	R33_gut	12	0.41935483870967744
X	9152807	9152812	rover	H7_gut	71	0.425
X	8874125	8874130	rover	R37_gut	59	0.9142857142857143
X	8657922	8657930	rover	H7_gut	41	0.4
X	8246320	8246362	flea	R1_gut	86	0.21428571428571427
X	7993112	7993116	rover	R5_gut	75	0.3333333333333333
X	7850295	7850299	rover	H4_gut	62	0.9142857142857143
X	7693418	7693422	rover	R43_gut	19	0.8775510204081632
X	7684916	7684920	rover	H7_gut	64	0.36363636363636365
X	7349836	7349841	rover	R11_gut	108	0.8924731182795699
X	7223069	7223074	rover	H4_gut	54	0.864406779661017
X	7009492	7009531	flea	R4_head	46	0.05128205128205128
X	6859243	6859255	I-element	R63_gut	24	0.6285714285714286
X	6708053	6708058	copia	R29_gut	32	0.6666666666666666
X	6541902	6541906	rover	R25_gut	60	0.8529411764705882
X	6499552	6499557	rover	R9_gut	70	0.8571428571428571
X	6466782	6466826	3S18	R64_head	11	0.08571428571428572
X	6388219	6388239	F-element	H7_gut	45	0.2631578947368421
X	6370605	6370610	rover	R63_gut	44	0.6486486486486487
X	6167607	6167612	rover	R5_gut	67	0.32142857142857145
X	5393405	5393409	rover	R55_gut	34	1.0
X	5239094	5239099	rover	R57_gut	27	0.6363636363636364
X	5151981	5151982	rover	H7_gut	75	0.7419354838709677
X	5151981	5151982	rover	R61_gut	31	0.9090909090909091
X	5093606	5093607	rover	R33_gut	83	0.5238095238095238
X	4912183	4912187	rover	H4_gut	47	0.9565217391304348
X	4676540	4676545	rover	H7_gut	17	0.4411764705882353
X	4676536	4676541	rover	R37_gut	20	0.2631578947368421
X	4675507	4675514	rover	H4_gut	47	0.9411764705882353
X	4612748	4612757	rover	H4_gut	41	0.2857142857142857
X	4612489	4612494	copia	R13_gut	142	0.6382978723404256
X	4609130	4609135	copia	H4_gut	109	0.375
X	4586711	4586716	rover	H7_gut	106	0.5
X	4586631	4586635	copia	R51_gut	33	0.8148148148148148
X	4210325	4210330	rover	R35_gut	3	0.7142857142857143
X	4145276	4145281	rover	R57_gut	39	0.5769230769230769
X	3477192	3477196	rover	R59_gut	41	0.2727272727272727
X	3442603	3442615	I-element	R49_gut	20	0.9047619047619048
X	3438932	3438945	I-element	H7_gut	60	0.2647058823529412
X	3427440	3427446	rover	H7_gut	49	0.7419354838709677
X	3396156	3396160	rover	R3_gut	181	0.5058823529411764
X	3294364	3294368	copia	R61_gut	66	0.9428571428571428
X	3275182	3275188	rover	R11_gut	61	0.8823529411764706
X	3215140	3215145	rover	R33_gut	48	0.6190476190476191
X	3171299	3171299	rover	R9_gut	58	0.7619047619047619
X	3171101	3171107	rover	R43_gut	35	0.8571428571428571
X	3151113	3151118	rover	R9_gut	25	0.5714285714285714
X	2949046	2949047	rover	R41B_gut	28	0.8571428571428571
X	2755493	2755498	rover	R37_gut	57	0.65625
X	2662624	2662629	rover	H7_gut	67	0.4722222222222222
X	2594354	2594358	copia	H1_gut	73	0.3888888888888889
X	1597471	1597475	copia	R31_gut	27	0.7837837837837838
X	1249552	1249556	rover	R53_gut	26	1.0
X	1238001	1238006	rover	R57_gut	50	0.5526315789473685
X	1183322	1183334	I-element	R33_gut	99	0.6440677966101694
X	939185	939189	rover	R17_gut	21	0.6
X	597509	597519	I-element	R37_gut	60	0.8181818181818182
X	426934	426939	copia	H4_gut	56	0.6363636363636364
X	397390	397396	copia	R3_gut	197	0.2524271844660194
X	393838	393843	rover	H4_gut	69	0.8863636363636364
4	1160968	1160972	roo	R30_head	66	0.04918032786885246
4	1026356	1026360	rover	R33_gut	74	0.3564356435643564
4	983346	983352	rover	R25_gut	46	0.5692307692307692
4	396836	396839	rover	R33_gut	41	0.20512820512820512
4	274633	274638	rover	R49_gut	13	0.46153846153846156
4	259637	259681	NOF	H9_head	31	0.027777777777777776
4	180211	180215	rover	R33_gut	59	0.5272727272727272
3R	31914491	31914495	rover	R43_gut	62	0.7029702970297029
3R	31913723	31913733	Doc	H7_gut	55	0.05263157894736842
3R	31682556	31682568	I-element	R53_gut	33	0.3854166666666667
3R	31662820	31662826	rover	R37_gut	77	0.5370370370370371
3R	31662304	31662308	rover	H4_gut	77	0.6428571428571429
3R	31371770	31371779	rover	R13_gut	125	0.45454545454545453
3R	31310737	31310742	rover	R35_gut	6	0.8333333333333334
3R	31125346	31125351	rover	H7_gut	91	0.6352941176470588
3R	31087989	31087993	rover	R63_gut	38	0.484375
3R	31067557	31067569	I-element	R57_gut	42	0.29411764705882354
3R	30813561	30813572	I-element	H1_gut	70	0.5555555555555556
3R	30386612	30386616	copia	H4_gut	44	0.46774193548387094
3R	30283121	30283125	copia	R3_gut	245	0.5542168674698795
3R	29288990	29289000	I-element	R13_gut	83	0.3786008230452675
3R	29002601	29002605	rover	R57_gut	36	0.4
3R	28807593	28807598	rover	R57_gut	35	0.42857142857142855
3R	28659074	28659079	rover	R37_gut	95	0.3559322033898305
3R	28625406	28625419	I-element	R41B_gut	24	0.21212121212121213
3R	28587606	28587610	rover	H7_gut	42	0.2982456140350877
3R	28328684	28328688	copia	R51_gut	76	0.34210526315789475
3R	28090593	28090602	ZAM	R1_gut	158	0.029850746268656716
3R	28089844	28089849	rover	R11_gut	34	0.20270270270270271
3R	27946039	27946044	rover	H4_gut	61	0.3684210526315789
3R	27946032	27946062	Tabor	H1_gut	80	0.1320754716981132
3R	27773597	27773634	FB	R1_gut	73	0.3333333333333333
3R	27646270	27646275	rover	R3_gut	234	0.22127659574468084
3R	27357346	27357383	accord2	R44_head	56	0.10638297872340426
3R	27067731	27067738	rover	H7_gut	49	0.38181818181818183
3R	26871491	26871495	rover	R63_gut	44	0.37254901960784315
3R	26599415	26599420	rover	H1_gut	49	0.38596491228070173
3R	26566219	26566223	rover	H4_gut	40	0.7647058823529411
3R	26327900	26327905	rover	R9_gut	97	0.23469387755102042
3R	26106679	26106684	copia	R41A_gut	15	0.23728813559322035
3R	26083611	26083616	rover	R35_gut	10	0.6666666666666666
3R	25586783	25586788	rover	R37_gut	89	0.5104166666666666
3R	25439058	25439062	copia	R59_gut	56	0.2857142857142857
3R	25209158	25209163	rover	H4_gut	61	0.27722772277227725
3R	24807259	24807275	gypsy3	H1_gut	40	0.2631578947368421
3R	24698360	24698367	rover	R49_gut	27	0.3157894736842105
3R	24621925	24621931	rover	H4_gut	29	0.7222222222222222
3R	24611458	24611463	copia	R41A_gut	30	0.203125
3R	24600618	24600623	rover	R9_gut	62	0.3684210526315789
3R	24600427	24600431	copia	R21_gut	18	0.24074074074074073
3R	24572079	24572083	rover	R13_gut	74	0.3103448275862069
3R	24126868	24126873	rover	R25_gut	57	0.6078431372549019
3R	24039430	24039443	Rt1b	R54_head	87	0.025
3R	23909133	23909137	rover	H7_gut	80	0.6909090909090909
3R	23787519	23787523	rover	R9_gut	35	0.46153846153846156
3R	23342737	23342742	rover	H7_gut	57	0.07017543859649122
3R	23342089	23342093	rover	R23_gut	56	0.35185185185185186
3R	23333599	23333603	copia	R11_gut	114	0.5774647887323944
3R	23333258	23333262	rover	R41A_gut	43	0.21428571428571427
3R	23331358	23331363	diver	R11_gut	103	0.7162162162162162
3R	23149808	23149813	rover	R37_gut	43	0.5294117647058824
3R	22737755	22737779	Q-element	R44_head	35	0.04132231404958678
3R	22481576	22481581	rover	R13_gut	89	0.358695652173913
3R	22205993	22205998	rover	R35_gut	15	0.3076923076923077
3R	21830473	21830477	rover	R33_gut	70	0.5531914893617021
3R	21741066	21741070	rover	R55_gut	51	0.4714285714285714
3R	21333728	21333733	rover	R11_gut	95	0.23931623931623933
3R	21097449	21097453	rover	R3_gut	208	0.21428571428571427
3R	20801581	20801586	rover	R37_gut	98	0.44594594594594594
3R	20607563	20607609	Tirant	R62_head	64	0.028985507246376812
3R	20550661	20550667	rover	R9_gut	54	0.4845360824742268
3R	19872271	19872275	rover	H7_gut	53	0.22857142857142856
3R	19803885	19803906	gypsy2	R8_head	122	0.12048192771084337
3R	19616423	19616428	rover	R55_gut	30	0.65
3R	19100742	19100746	rover	H4_gut	52	0.6410256410256411
3R	19072947	19072952	rover	H4_gut	39	0.7121212121212122
3R	19062542	19062553	I-element	R31_gut	85	0.44
3R	18792314	18792319	rover	R37_gut	77	0.4634146341463415
3R	18772550	18772556	rover	R35_gut	23	0.43333333333333335
3R	18447146	18447189	1360	R59_gut	24	0.10526315789473684
3R	18446214	18446218	copia	R3_gut	105	0.33055555555555555
3R	18393223	18393227	rover	R27_gut	8	0.3333333333333333
3R	18297308	18297312	rover	H7_gut	66	0.2753623188405797
3R	18070591	18070596	rover	R37_gut	74	0.5846153846153846
3R	17713987	17713992	copia	R33_gut	35	0.31868131868131866
3R	17531861	17531865	rover	R3_gut	96	0.45871559633027525
3R	17226824	17226847	Stalker4	R62_head	35	0.0967741935483871
3R	17114337	17114360	accord2	R64_head	15	0.03571428571428571
3R	16794811	16794815	copia	R41A_gut	75	0.2222222222222222
3R	16358102	16358107	rover	R33_gut	40	0.4642857142857143
3R	16318873	16318878	rover	R43_gut	35	0.8095238095238095
3R	16292357	16292361	copia	R3_gut	342	0.2867132867132867
3R	16269663	16269698	1360	R26_head	54	0.025974025974025976
3R	16207110	16207115	rover	R25_gut	36	0.22033898305084745
3R	15560900	15560901	rover	H7_gut	63	0.06
3R	15560889	15560895	rover	H4_gut	47	0.5573770491803278
3R	15416632	15416645	opus	R26_head	21	0.03225806451612903
3R	15313550	15313554	rover	H7_gut	103	0.2857142857142857
3R	15310552	15310585	Tirant	R30_head	19	0.2222222222222222
3R	15283108	15283113	rover	H7_gut	31	0.27692307692307694
3R	15182368	15182375	diver	R35_gut	14	0.4090909090909091
3R	15092713	15092717	copia	R45_gut	55	0.35294117647058826
3R	14844456	14844462	rover	R51_gut	17	0.4827586206896552
3R	14758186	14758191	rover	R63_gut	8	0.5660377358490566
3R	14738220	14738225	rover	R57_gut	14	0.46
3R	14541442	14541447	17.6	H7_gut	128	0.42857142857142855
3R	14479552	14479557	copia	R9_gut	38	0.35714285714285715
3R	14473552	14473556	rover	H7_gut	65	0.47368421052631576
3R	14363685	14363690	rover	R9_gut	84	0.35766423357664234
3R	14294493	14294498	rover	R33_gut	72	0.27941176470588236
3R	14005432	14005438	rover	R9_gut	30	0.42142857142857143
3R	13824075	13824079	rover	R59_gut	9	0.6046511627906976
3R	13764389	13764392	rover	R9_gut	56	0.2702702702702703
3R	13764385	13764390	rover	H4_gut	49	0.7592592592592593
3R	13762990	13762995	rover	R35_gut	22	0.358974358974359
3R	13171825	13171830	rover	R27_gut	66	0.40540540540540543
3R	13171823	13171828	rover	H7_gut	115	0.11764705882352941
3R	12801645	12801650	rover	R33_gut	54	0.3018867924528302
3R	12701432	12701437	rover	R23_gut	76	0.4857142857142857
3R	12563572	12563576	rover	H1_gut	24	0.21875
3R	11852533	11852564	F-element	R59_gut	33	0.11764705882352941
3R	11852417	11852422	copia	R61_gut	66	0.5116279069767442
3R	11613544	11613548	blood	R33_gut	103	0.41935483870967744
3R	11569941	11569945	rover	H1_gut	57	0.4852941176470588
3R	11540396	11540401	rover	R41A_gut	40	0.5454545454545454
3R	11461834	11461837	rover	H4_gut	85	0.3269230769230769
3R	11461827	11461833	rover	R55_gut	52	0.42592592592592593
3R	11181573	11181579	Burdock	R1_gut	53	0.13675213675213677
3R	10662174	10662179	rover	R35_gut	14	0.4166666666666667
3R	10284627	10284630	springer	H1_gut	66	0.3125
3R	10283904	10283909	copia	R59_gut	18	0.5
3R	9979944	9979949	rover	R37_gut	77	0.21052631578947367
3R	9951995	9952001	rover	H4_gut	65	0.6666666666666666
3R	9933906	9933910	copia	R39_gut	62	0.24193548387096775
3R	9530071	9530076	rover	R35_gut	26	0.48
3R	9510637	9510641	micropia	R22_head	56	0.25
3R	9449189	9449192	Tirant	H6_head	57	0.02857142857142857
3R	9114610	9114616	rover	R33_gut	87	0.33962264150943394
3R	9036638	9036642	rover	R57_gut	42	0.5294117647058824
3R	8881686	8881693	rover	H4_gut	39	0.3090909090909091
3R	8702289	8702316	opus	R56_head	14	0.028169014084507043
3R	8655212	8655217	rover	R9_gut	52	0.6666666666666666
3R	8289336	8289342	rover	R35_gut	19	0.4
3R	8121918	8121924	rover	H4_gut	48	0.5154639175257731
3R	8112157	8112163	rover	H7_gut	92	0.22077922077922077
3R	8105163	8105168	rover	R57_gut	58	0.5
3R	7785809	7785813	copia	H7_gut	52	0.23333333333333334
3R	7783788	7783793	rover	R49_gut	15	0.3125
3R	7504693	7504702	rover	R57_gut	54	0.8504672897196262
3R	7504693	7504698	rover	R5_gut	64	0.058823529411764705
3R	7504692	7504704	rover	R3_gut	250	0.17105263157894737
3R	7485203	7485213	jockey	R23_gut	65	0.22972972972972974
3R	7113606	7113611	rover	R39_gut	79	0.2608695652173913
3R	6762055	6762060	copia	H7_gut	61	0.2222222222222222
3R	6311221	6311233	copia	H7_gut	58	0.36486486486486486
3R	5925513	5925557	GATE	R64_head	49	0.03636363636363636
3R	5870931	5870936	rover	R37_gut	53	0.4861111111111111
3R	5835403	5835408	rover	R13_gut	92	0.37888198757763975
3R	5716326	5716330	R1A1-element	R12_head	109	0.06557377049180328
3R	5575117	5575121	rover	R35_gut	11	0.4358974358974359
3R	5308232	5308237	copia	R41A_gut	45	0.2
3R	5301491	5301496	copia	R61_gut	16	0.4177215189873418
3R	5227437	5227442	rover	R9_gut	35	0.42574257425742573
3R	5111084	5111089	rover	H7_gut	59	0.22
3R	5111084	5111089	rover	R49_gut	9	0.45454545454545453
3R	5054418	5054422	rover	R29_gut	42	0.5483870967741935
3R	5033894	5033896	rover	H7_gut	93	0.08
3R	5032978	5032981	rover	R33_gut	61	0.06818181818181818
3R	4717090	4717105	3S18	R26_head	42	0.02197802197802198
3R	4694377	4694382	copia	R41A_gut	50	0.2625
3R	4461067	4461071	rover	R5_gut	90	0.34285714285714286
3R	4447003	4447008	rover	R33_gut	53	0.2972972972972973
3R	4320369	4320375	rover	R23_gut	59	0.3541666666666667
3R	1825183	1825187	Transpac	R21_gut	38	0.4444444444444444
3R	1137748	1137780	412	R54_head	24	0.04
3L	25952158	25952169	G4	R18_head	31	0.1
3L	25422404	25422440	Circe	R62_head	56	0.029411764705882353
3L	25188185	25188196	1360	H6_head	80	0.057692307692307696
3L	25187254	25187254	gypsy4	R42A_head	70	0.031746031746031744
3L	25187254	25187254	gypsy4	R42B_head	70	0.031746031746031744
3L	24731689	24731694	rover	R11_gut	46	0.5144927536231884
3L	24725151	24725155	rover	R33_gut	86	0.4146341463414634
3L	24150795	24150816	Quasimodo	R42B_head	54	0.03614457831325301
3L	24150795	24150816	Quasimodo	R42A_head	54	0.03614457831325301
3L	24082447	24082493	gypsy4	R60_head	32	0.125
3L	23721858	23721863	rover	R9_gut	66	0.3815789473684211
3L	23437519	23437539	Cr1a	R8_head	124	0.027522935779816515
3L	22672936	22672940	rover	R51_gut	1	0.5510204081632653
3L	22235982	22236020	412	H1_gut	34	0.24528301886792453
3L	21932218	21932223	rover	H7_gut	90	0.5394736842105263
3L	21927706	21927713	rover	R27_gut	17	0.3333333333333333
3L	21562287	21562292	rover	R39_gut	15	0.5172413793103449
3L	21383626	21383631	copia	R29_gut	47	0.2608695652173913
3L	21260165	21260172	rover	H7_gut	86	0.24390243902439024
3L	21260159	21260163	rover	H1_gut	46	0.22058823529411764
3L	21048997	21049001	rover	R33_gut	96	0.4126984126984127
3L	21043833	21043837	297	R64_head	16	0.014598540145985401
3L	20660717	20660721	rover	R57_gut	26	0.5192307692307693
3L	20522454	20522459	rover	R9_gut	63	0.3076923076923077
3L	20517042	20517046	rover	R37_gut	25	0.36538461538461536
3L	20404530	20404534	rover	R33_gut	24	0.47619047619047616
3L	20349779	20349783	rover	H7_gut	47	0.22727272727272727
3L	20068861	20068866	rover	R33_gut	84	0.5172413793103449
3L	19989679	19989690	rover	R35_gut	17	0.6153846153846154
3L	19940077	19940081	rover	H4_gut	55	0.6176470588235294
3L	19648907	19648913	rover	R35_gut	23	0.4634146341463415
3L	19647647	19647679	roo	R23_gut	12	0.038461538461538464
3L	19257820	19257825	rover	R5_gut	60	0.14492753623188406
3L	19257820	19257825	rover	R33_gut	54	0.4788732394366197
3L	19257705	19257710	copia	R41A_gut	52	0.34375
3L	18997333	18997337	rover	R45_gut	7	0.4
3L	18995182	18995187	rover	R55_gut	43	0.3170731707317073
3L	18789271	18789275	copia	H7_gut	71	0.21052631578947367
3L	18231360	18231365	rover	R25_gut	20	0.47368421052631576
3L	18045771	18045776	copia	R27_gut	53	0.43373493975903615
3L	18011318	18011322	copia	R33_gut	84	0.5714285714285714
3L	17972717	17972722	rover	H1_gut	24	0.5277777777777778
3L	17905649	17905654	rover	R31_gut	7	0.4074074074074074
3L	17657771	17657775	rover	R33_gut	20	0.42391304347826086
3L	17656720	17656732	I-element	R37_gut	11	0.35443037974683544
3L	17625056	17625059	rover	R33_gut	67	0.18947368421052632
3L	17601029	17601033	rover	R13_gut	19	0.29411764705882354
3L	17590410	17590414	rover	H4_gut	67	0.6323529411764706
3L	17569012	17569017	copia	H7_gut	76	0.5833333333333334
3L	17561517	17561522	rover	R57_gut	80	0.55
3L	17481612	17481616	rover	R33_gut	78	0.36046511627906974
3L	17454247	17454254	rover	H7_gut	64	0.30303030303030304
3L	17245265	17245270	diver	R39_gut	75	0.4098360655737705
3L	17058892	17058903	rover	H7_gut	74	0.2631578947368421
3L	17058890	17058897	rover	R61_gut	107	0.9
3L	16922211	16922216	rover	R25_gut	78	0.6
3L	16894950	16894954	copia	R1_gut	75	0.1791044776119403
3L	16893736	16893741	copia	R41A_gut	48	0.27586206896551724
3L	16889983	16889988	copia	R37_gut	55	0.4125
3L	16857566	16857571	rover	H4_gut	64	0.6458333333333334
3L	16803082	16803087	rover	H4_gut	56	0.5048543689320388
3L	16411948	16411952	rover	R55_gut	8	0.391304347826087
3L	16258932	16258937	rover	H4_gut	39	0.5942028985507246
3L	16157316	16157321	rover	R9_gut	47	0.325
3L	16154050	16154055	copia	R43_gut	45	0.20634920634920634
3L	16149033	16149037	copia	R31_gut	2	0.4
3L	15697626	15697635	3S18	H3_head	98	0.024096385542168676
3L	15553860	15553865	rover	H7_gut	108	0.21333333333333335
3L	15553799	15553827	hobo	R57_gut	6	0.07317073170731707
3L	15032735	15032740	rover	H7_gut	47	0.22857142857142856
3L	14962481	14962485	copia	R41A_gut	24	0.24705882352941178
3L	14791253	14791258	rover	H4_gut	70	0.3333333333333333
3L	14783738	14783742	copia	R1_gut	8	0.632258064516129
3L	14783184	14783188	copia	R57_gut	2	0.2926829268292683
3L	14346862	14346867	diver	R49_gut	18	0.32
3L	13310093	13310097	rover	H4_gut	43	0.6470588235294118
3L	13260054	13260086	Stalker4	R61_gut	68	0.044444444444444446
3L	13259973	13259977	rover	H4_gut	30	0.3541666666666667
3L	13255033	13255037	copia	R53_gut	23	0.35
3L	13213991	13213996	rover	R9_gut	73	0.31496062992125984
3L	13139483	13139489	copia	R1_gut	44	0.27044025157232704
3L	13106274	13106287	TART-A	R12_head	75	0.11764705882352941
3L	12829133	12829155	1731	R20_head	3	0.07692307692307693
3L	12459583	12459587	rover	R37_gut	40	0.40425531914893614
3L	12410280	12410284	rover	R61_gut	53	0.5495495495495496
3L	12410280	12410284	rover	R33_gut	56	0.3950617283950617
3L	12251039	12251040	rover	R33_gut	51	0.6129032258064516
3L	12217847	12217851	rover	R59_gut	20	0.7692307692307693
3L	12178764	12178770	rover	R9_gut	72	0.4069767441860465
3L	11975729	11975756	Idefix	R26_head	83	0.04054054054054054
3L	11844377	11844383	rover	H7_gut	90	0.26785714285714285
3L	11355070	11355075	copia	R57_gut	28	0.29411764705882354
3L	11345489	11345494	rover	H4_gut	29	0.6309523809523809
3L	11345259	11345305	Max-element	R11_gut	61	0.033707865168539325
3L	11296155	11296161	copia	R51_gut	19	0.38461538461538464
3L	11044048	11044053	rover	R11_gut	66	0.22
3L	11044047	11044053	rover	R39_gut	21	0.04424778761061947
3L	10684637	10684644	Dm88	H7_gut	74	0.03614457831325301
3L	10683262	10683310	X-element	R1_gut	67	0.2558139534883721
3L	10562799	10562804	rover	R13_gut	73	0.27835051546391754
3L	10510369	10510373	rover	R3_gut	216	0.6402439024390244
3L	10393097	10393101	rover	R9_gut	41	0.5283018867924528
3L	10285472	10285477	rover	H7_gut	69	0.23255813953488372
3L	10020134	10020138	rover	R55_gut	29	0.45871559633027525
3L	9969781	9969785	rover	R59_gut	36	0.5769230769230769
3L	9383239	9383242	rover	H4_gut	59	0.7352941176470589
3L	9312863	9312868	rover	R9_gut	52	0.42028985507246375
3L	9108532	9108537	rover	R51_gut	62	0.5
3L	8816855	8816859	rover	R27_gut	35	0.4264705882352941
3L	8775194	8775204	copia	R41A_gut	40	0.08823529411764706
3L	8773704	8773709	rover	R33_gut	91	0.3333333333333333
3L	8773700	8773701	rover	R25_gut	31	0.0967741935483871
3L	8703515	8703519	copia	R53_gut	34	0.5576923076923077
3L	8701989	8702024	X-element	R61_gut	90	0.02531645569620253
3L	8675848	8675853	rover	R9_gut	37	0.4461538461538462
3L	8673981	8673986	rover	R43_gut	45	0.5316455696202531
3L	8444577	8444582	copia	R17_gut	19	0.9
3L	8439191	8439195	rover	R1_gut	78	0.7027027027027027
3L	8398657	8398662	rover	R33_gut	48	0.5217391304347826
3L	8083548	8083553	rover	R1_gut	94	0.3050847457627119
3L	8008898	8008903	rover	R53_gut	25	0.6470588235294118
3L	7836401	7836406	rover	R57_gut	71	0.6333333333333333
3L	7786097	7786102	rover	R25_gut	84	0.2222222222222222
3L	7150193	7150199	rover	H7_gut	62	0.42696629213483145
3L	7052351	7052356	rover	R41A_gut	39	0.4567901234567901
3L	6697309	6697314	rover	R37_gut	71	0.3333333333333333
3L	6641425	6641427	I-element	R50_head	77	0.039473684210526314
3L	6441031	6441035	rover	H4_gut	25	0.5210084033613446
3L	6085585	6085597	Doc	R36_head	58	0.05263157894736842
3L	5919460	5919463	blood	R31_gut	27	0.3493975903614458
3L	5885126	5885136	Doc	R40_head	15	0.012658227848101266
3L	5364453	5364458	copia	R33_gut	32	0.3582089552238806
3L	5257666	5257690	Max-element	H1_gut	62	0.21428571428571427
3L	5204020	5204024	rover	R49_gut	21	0.48
3L	5092712	5092712	GATE	H6_head	6	0.03125
3L	3743244	3743247	rover	R17_gut	21	1.0
3L	3734170	3734206	Xanthias	R50_head	49	0.0547945205479452
3L	3542241	3542245	copia	R41A_gut	22	0.36923076923076925
3L	3345312	3345325	I-element	R59_gut	32	0.375
3L	3253616	3253619	rover	R57_gut	28	0.2465753424657534
3L	3247014	3247018	copia	R9_gut	64	0.3020833333333333
3L	3127449	3127454	rover	H4_gut	78	0.7236842105263158
3L	2488011	2488016	rover	R9_gut	56	0.33980582524271846
3L	2254117	2254154	roo	R13_gut	87	0.014492753623188406
3L	2252756	2252759	rover	R39_gut	33	0.5714285714285714
3L	2167648	2167653	rover	R27_gut	68	0.3953488372093023
3L	1972457	1972462	rover	R19_gut	20	0.4166666666666667
3L	1972230	1972259	opus	R50_head	32	0.027522935779816515
3L	1954217	1954246	R1A1-element	H9_head	53	0.04081632653061224
3L	1582995	1582999	copia	R21_gut	40	0.3225806451612903
3L	1032592	1032597	rover	H4_gut	51	0.4868421052631579
3L	886198	886201	rover	R57_gut	14	0.2972972972972973
3L	817142	817154	I-element	R61_gut	51	0.6
3L	781352	781359	rover	R31_gut	82	0.5714285714285714
3L	683777	683779	flea	R1_gut	59	0.21296296296296297
3L	676654	676698	17.6	R44_head	55	0.028037383177570093
3L	632661	632702	opus	R1_gut	123	0.0736196319018405
3L	632482	632486	rover	H4_gut	58	0.6891891891891891
3L	559962	559967	rover	H4_gut	47	0.6229508196721312
3L	550173	550178	copia	R29_gut	37	0.5789473684210527
3L	491780	491788	rover	H4_gut	30	0.39473684210526316
3L	157254	157267	I-element	R19_gut	15	0.25806451612903225
3L	155875	155880	diver	R29_gut	47	0.017543859649122806
3L	154189	154193	rover	R11_gut	50	0.5939086294416244
3L	107934	107939	rover	R33_gut	34	0.09900990099009901
3L	107329	107333	rover	R57_gut	44	0.5945945945945946
3L	92212	92226	I-element	R61_gut	61	0.5714285714285714
3L	83871	83884	I-element	R33_gut	34	0.4
3L	79748	79758	I-element	R13_gut	189	0.3279569892473118
3L	78852	78858	rover	R29_gut	71	0.06944444444444445
3L	62940	62942	gypsy6	R56_head	13	0.024096385542168676
2R	25132669	25132674	rover	R43_gut	32	0.5535714285714286
2R	25060490	25060495	copia	R59_gut	32	0.5211267605633803
2R	24999029	24999041	I-element	R1_gut	34	0.6704545454545454
2R	24749274	24749280	rover	H4_gut	68	0.5882352941176471
2R	24547224	24547228	micropia	R24_head	22	0.0379746835443038
2R	24329474	24329522	copia	R1_gut	56	0.1595744680851064
2R	24307518	24307524	rover	R43_gut	71	0.3382352941176471
2R	23978912	23978916	rover	H4_gut	54	0.7230769230769231
2R	23978910	23978915	rover	R49_gut	26	0.328125
2R	23587700	23587709	rover	R9_gut	68	0.53125
2R	23570243	23570248	rover	H7_gut	84	0.234375
2R	23483418	23483422	rover	R27_gut	54	0.5
2R	22727358	22727398	F-element	H6_head	19	0.061224489795918366
2R	22693652	22693659	rover	R49_gut	31	0.2631578947368421
2R	22471922	22471928	rover	R37_gut	86	0.6
2R	22398865	22398869	copia	R1_gut	64	0.36538461538461536
2R	22193592	22193597	rover	R11_gut	84	0.06467661691542288
2R	22192420	22192424	copia	H7_gut	80	0.38095238095238093
2R	22143986	22143992	rover	R43_gut	52	0.296875
2R	22078822	22078828	rover	H4_gut	57	0.6271186440677966
2R	22078822	22078827	rover	R53_gut	11	0.4375
2R	21438264	21438268	diver	R13_gut	45	0.4482758620689655
2R	21423895	21423900	rover	R57_gut	27	0.3939393939393939
2R	21080718	21080723	rover	R53_gut	27	0.6744186046511628
2R	21034654	21034658	rover	R39_gut	71	0.32222222222222224
2R	20128500	20128511	I-element	R61_gut	29	0.48484848484848486
2R	20048037	20048082	Dm88	H9_head	85	0.05084745762711865
2R	19981134	19981173	F-element	R50_head	17	0.03125
2R	19807777	19807784	rover	R13_gut	89	0.5697674418604651
2R	19670202	19670202	McClintock	R42B_head	14	0.04225352112676056
2R	19670202	19670202	McClintock	R42A_head	14	0.04225352112676056
2R	19192948	19192953	gypsy12	R11_gut	86	0.009216589861751152
2R	19192204	19192209	rover	R63_gut	46	0.7352941176470589
2R	18764924	18764930	rover	R35_gut	22	0.375
2R	18649451	18649455	rover	R35_gut	15	0.38095238095238093
2R	18436832	18436837	rover	R35_gut	17	0.5
2R	18400566	18400572	rover	R9_gut	44	0.3620689655172414
2R	18353679	18353682	opus	R22_head	56	0.11764705882352941
2R	18316891	18316895	copia	R51_gut	54	0.3275862068965517
2R	17906532	17906537	rover	H4_gut	26	0.6144578313253012
2R	17422117	17422122	copia	R41A_gut	22	0.32051282051282054
2R	16831145	16831149	copia	R61_gut	49	0.25252525252525254
2R	16795459	16795465	rover	R27_gut	63	0.25
2R	16695418	16695427	rover	R11_gut	64	0.6447368421052632
2R	16674960	16674965	rover	R33_gut	73	0.5483870967741935
2R	16195740	16195741	transib4	R58_head	8	0.018867924528301886
2R	16133670	16133674	copia	R33_gut	34	0.29523809523809524
2R	16132941	16132969	roo	R61_gut	62	0.014285714285714285
2R	15968371	15968376	rover	R45_gut	47	0.4953271028037383
2R	15690690	15690734	HMS-Beagle	R64_head	86	0.020618556701030927
2R	15689973	15690009	R2-element	R62_head	63	0.018691588785046728
2R	15529558	15529564	copia	R57_gut	26	0.3037974683544304
2R	15172590	15172594	rover	R27_gut	42	0.36619718309859156
2R	14983224	14983230	copia	R11_gut	105	0.3835616438356164
2R	14919483	14919488	rover	R21_gut	15	0.25
2R	14919483	14919488	rover	H7_gut	90	0.075
2R	14919483	14919488	rover	R17_gut	8	0.5238095238095238
2R	14919483	14919488	rover	H4_gut	33	0.16666666666666666
2R	14520587	14520600	I-element	H4_gut	85	0.3902439024390244
2R	14518812	14518823	I-element	R57_gut	64	0.34328358208955223
2R	14517525	14517536	I-element	R45_gut	73	0.4090909090909091
2R	14424173	14424178	rover	R35_gut	23	0.2857142857142857
2R	14337315	14337320	rover	R23_gut	22	0.2727272727272727
2R	14133559	14133601	Stalker	R50_head	45	0.03125
2R	13686414	13686418	rover	R39_gut	44	0.23529411764705882
2R	13623103	13623108	rover	R29_gut	76	0.504424778761062
2R	13605013	13605019	copia	R57_gut	66	0.25609756097560976
2R	13604828	13604833	rover	R35_gut	34	0.27586206896551724
2R	13576432	13576446	opus	R20_head	14	0.15789473684210525
2R	13426525	13426537	I-element	R13_gut	34	0.46296296296296297
2R	13270108	13270113	rover	R3_gut	84	0.27586206896551724
2R	13009843	13009849	copia	R11_gut	83	0.5328947368421053
2R	12895428	12895432	rover	H4_gut	46	0.49206349206349204
2R	12620230	12620243	1360	H9_head	81	0.028985507246376812
2R	12600930	12600935	rover	R9_gut	87	0.22413793103448276
2R	12587981	12587985	rover	R9_gut	74	0.28440366972477066
2R	12549630	12549636	copia	H4_gut	101	0.2982456140350877
2R	12319893	12319897	rover	H1_gut	61	0.6375
2R	12010956	12010961	rover	R45_gut	3	0.6222222222222222
2R	11922388	11922394	rover	H7_gut	44	0.3333333333333333
2R	11780068	11780073	copia	R39_gut	63	0.3157894736842105
2R	11403368	11403371	rover	H4_gut	48	0.225
2R	11205226	11205231	copia	R17_gut	1	0.28
2R	11196492	11196500	copia	H4_gut	65	0.26666666666666666
2R	10925499	10925504	rover	R33_gut	37	0.42528735632183906
2R	10925499	10925503	rover	R39_gut	48	0.18604651162790697
2R	10452971	10452976	rover	R45_gut	42	0.75
2R	10230074	10230079	rover	R23_gut	32	0.22857142857142856
2R	10227271	10227276	rover	R41A_gut	43	0.28846153846153844
2R	10191743	10191747	rover	R35_gut	10	0.52
2R	9868773	9868786	I-element	R25_gut	70	0.574468085106383
2R	9867604	9867608	rover	R43_gut	29	0.4788732394366197
2R	9858771	9858774	roo	R6_head	173	0.009174311926605505
2R	9815134	9815140	rover	R41A_gut	22	0.48148148148148145
2R	9536119	9536124	rover	R63_gut	15	0.42857142857142855
2R	9524460	9524465	rover	R31_gut	15	0.3448275862068966
2R	9214468	9214472	rover	R9_gut	39	0.3382352941176471
2R	9202279	9202284	rover	R37_gut	33	0.6842105263157895
2R	9148392	9148398	rover	H7_gut	57	0.23684210526315788
2R	8978461	8978466	rover	R13_gut	103	0.12727272727272726
2R	8977185	8977196	I-element	R61_gut	42	0.5196078431372549
2R	8866394	8866438	Transpac	H1_gut	56	0.24
2R	8443645	8443650	rover	R9_gut	15	0.1956521739130435
2R	8417192	8417199	rover	R39_gut	6	0.26666666666666666
2R	8297769	8297774	rover	R27_gut	60	0.4533333333333333
2R	8183296	8183301	rover	R33_gut	76	0.4098360655737705
2R	7753988	7753994	rover	R31_gut	50	0.6923076923076923
2R	7738638	7738643	rover	H7_gut	53	0.08163265306122448
2R	7738236	7738241	rover	R35_gut	23	0.5333333333333333
2R	7737351	7737356	rover	R37_gut	53	0.22727272727272727
2R	7628587	7628591	rover	R63_gut	23	0.4782608695652174
2R	7623556	7623561	rover	R41A_gut	49	0.2542372881355932
2R	7529469	7529473	rover	R37_gut	42	0.4659090909090909
2R	7321362	7321411	3S18	R20_head	15	0.047619047619047616
2R	7250374	7250378	rover	R45_gut	8	0.34782608695652173
2R	7250118	7250124	rover	H7_gut	64	0.26153846153846155
2R	7159682	7159712	copia	R43_gut	48	0.12727272727272726
2R	7159622	7159623	S-element	R29_gut	31	0.34328358208955223
2R	7099365	7099368	blood	R25_gut	28	0.5662650602409639
2R	7090593	7090598	copia	R61_gut	41	0.5
2R	7026672	7026675	rover	R33_gut	33	0.5925925925925926
2R	6988297	6988310	I-element	R59_gut	12	0.4189189189189189
2R	6868184	6868189	rover	H4_gut	13	0.6179775280898876
2R	6849969	6849985	Max-element	H9_head	40	0.05
2R	6683949	6683954	copia	R31_gut	13	0.2894736842105263
2R	6623344	6623349	rover	R37_gut	38	0.53125
2R	6621667	6621671	rover	R41B_gut	6	0.3125
2R	6532299	6532303	copia	R3_gut	52	0.2939297124600639
2R	6525931	6525935	copia	R35_gut	6	0.3
2R	6242588	6242592	rover	R37_gut	22	0.6046511627906976
2R	6198772	6198777	rover	R11_gut	25	0.6057692307692307
2R	5966475	5966496	Bari1	H6_head	17	0.09090909090909091
2R	5700598	5700603	rover	R3_gut	48	0.36082474226804123
2R	5668591	5668594	rover	R57_gut	24	0.5352112676056338
2R	5618609	5618624	TART-A	R12_head	42	0.1330049261083744
2R	5360286	5360292	rover	R33_gut	23	0.75
2R	5359353	5359381	flea	R50_head	12	0.06896551724137931
2R	5225913	5225929	Rt1b	H1_gut	36	0.21212121212121213
2R	5120344	5120349	rover	H4_gut	34	0.4444444444444444
2R	4707189	4707189	INE-1	R22_head	8	0.0392156862745098
2R	4543210	4543214	rover	R57_gut	22	0.45714285714285713
2R	4007703	4007712	F-element	R56_head	18	0.02459016393442623
2L	22635134	22635148	Rt1b	R18_head	13	0.17391304347826086
2L	22209308	22209312	rover	H4_gut	34	0.6461538461538462
2L	22156398	22156424	1731	H9_head	20	0.04477611940298507
2L	21793985	21793988	rover	R33_gut	14	0.4883720930232558
2L	21380613	21380618	rover	R13_gut	51	0.208
2L	21380269	21380273	rover	R9_gut	29	0.3883495145631068
2L	21346607	21346612	rover	R31_gut	30	0.3939393939393939
2L	21326161	21326166	rover	R57_gut	12	0.4
2L	21266107	21266112	rover	R45_gut	13	0.5333333333333333
2L	21244819	21244832	rover	R57_gut	10	0.5
2L	21244815	21244830	rover	R9_gut	51	0.46551724137931033
2L	21208814	21208820	accord	R62_head	6	0.03
2L	21106565	21106570	rover	H7_gut	35	0.26666666666666666
2L	21090940	21090947	rover	R9_gut	47	0.5769230769230769
2L	20852139	20852143	rover	R11_gut	56	0.45588235294117646
2L	20637494	20637543	17.6	R22_head	14	0.10067114093959731
2L	20004479	20004485	rover	R61_gut	9	0.5945945945945946
2L	20003510	20003515	rover	R53_gut	10	0.43478260869565216
2L	20003508	20003513	rover	R33_gut	23	0.21666666666666667
2L	19789439	19789443	rover	H7_gut	32	0.25925925925925924
2L	19640517	19640523	rover	R3_gut	85	0.2198581560283688
2L	19635022	19635026	rover	R37_gut	10	0.7727272727272727
2L	19572628	19572638	F-element	R6_head	33	0.006211180124223602
2L	19531860	19531877	R1A1-element	R50_head	51	0.01834862385321101
2L	19411927	19411928	rover	R3_gut	52	0.53125
2L	19362170	19362174	copia	R59_gut	2	0.5909090909090909
2L	18630587	18630592	rover	R13_gut	16	0.3175355450236967
2L	18618375	18618379	copia	R9_gut	17	0.4528301886792453
2L	18489664	18489669	copia	H4_gut	10	0.24242424242424243
2L	18429893	18429898	rover	H4_gut	37	0.46464646464646464
2L	18193081	18193086	copia	R51_gut	24	0.6388888888888888
2L	17580263	17580306	Quasimodo	R1_gut	24	0.21428571428571427
2L	17380694	17380699	rover	R11_gut	13	0.5045045045045045
2L	17380694	17380699	rover	R35_gut	5	0.11764705882352941
2L	16921203	16921238	HeT-A	R62_head	11	0.11538461538461539
2L	16818471	16818476	rover	R13_gut	29	0.39215686274509803
2L	16772187	16772194	rover	H4_gut	33	0.5822784810126582
2L	16720856	16720862	copia	R29_gut	32	0.32727272727272727
2L	16720066	16720070	copia	R13_gut	33	0.40540540540540543
2L	16669907	16669921	invader2	H9_head	33	0.024691358024691357
2L	16652488	16652492	roo	R39_gut	53	0.2206896551724138
2L	16504432	16504437	rover	R3_gut	30	0.2964169381107492
2L	16465448	16465453	rover	R39_gut	28	0.26666666666666666
2L	16307547	16307551	Stalker	H9_head	35	0.03278688524590164
2L	15969583	15969592	gtwin	R62_head	34	0.02857142857142857
2L	15322664	15322679	I-element	R27_gut	4	0.46774193548387094
2L	15314650	15314657	copia	R57_gut	29	0.4444444444444444
2L	15021537	15021541	rover	R63_gut	33	0.2631578947368421
2L	14678808	14678832	Stalker4	R12_head	44	0.140625
2L	14675648	14675669	baggins	R44_head	56	0.023529411764705882
2L	14672733	14672738	rover	R9_gut	17	0.20430107526881722
2L	14654806	14654811	rover	R57_gut	2	0.5789473684210527
2L	14599249	14599254	rover	H7_gut	25	0.23157894736842105
2L	14599246	14599252	rover	R25_gut	22	0.10714285714285714
2L	14222144	14222149	copia	R33_gut	50	0.44776119402985076
2L	14222041	14222046	copia	R51_gut	17	0.11764705882352941
2L	13917257	13917306	F-element	R11_gut	22	0.008298755186721992
2L	13887488	13887492	rover	R51_gut	11	0.39603960396039606
2L	13887488	13887492	rover	R23_gut	9	0.23655913978494625
2L	13807320	13807324	copia	R61_gut	9	0.32
2L	13760838	13760843	rover	R33_gut	15	0.55
2L	13615963	13615979	I-element	R23_gut	14	0.225
2L	13515977	13515982	rover	R25_gut	15	0.5263157894736842
2L	13515970	13515976	rover	R51_gut	4	0.2
2L	13292717	13292740	3S18	H3_head	34	0.02531645569620253
2L	13063863	13063869	copia	R33_gut	15	0.3013698630136986
2L	13018633	13018678	R1A1-element	H9_head	34	0.041666666666666664
2L	12508340	12508345	copia	R57_gut	11	0.18518518518518517
2L	12505313	12505318	rover	H4_gut	15	0.7272727272727273
2L	12455401	12455405	copia	R59_gut	19	0.6521739130434783
2L	12010474	12010479	rover	R5_gut	11	0.43243243243243246
2L	12010472	12010477	rover	R25_gut	7	0.4393939393939394
2L	11937849	11937854	rover	R33_gut	18	0.3
2L	11816292	11816297	rover	R17_gut	5	0.8
2L	11687497	11687500	blood	R13_gut	31	0.3269230769230769
2L	11084137	11084140	blood	R23_gut	13	0.3764705882352941
2L	10894648	10894652	rover	R57_gut	15	0.4426229508196721
2L	10578557	10578589	Idefix	R44_head	41	0.1038961038961039
2L	10572766	10572771	rover	R33_gut	34	0.3698630136986301
2L	10553973	10553979	rover	R3_gut	33	0.044585987261146494
2L	10553934	10553939	rover	H4_gut	16	0.4339622641509434
2L	10168608	10168614	rover	H7_gut	31	0.25882352941176473
2L	9718639	9718644	rover	R43_gut	19	0.6206896551724138
2L	9683873	9683878	rover	H4_gut	29	0.5520833333333334
2L	9226571	9226575	rover	R57_gut	12	0.37681159420289856
2L	8990182	8990188	I-element	R23_gut	4	0.2222222222222222
2L	8966140	8966148	1731	R39_gut	9	0.35106382978723405
2L	8694050	8694055	rover	H4_gut	40	0.5213675213675214
2L	8681476	8681493	McClintock	R54_head	27	0.02127659574468085
2L	8622804	8622809	rover	R25_gut	14	0.4918032786885246
2L	8324708	8324712	rover	R45_gut	9	0.36046511627906974
2L	8324708	8324712	rover	R5_gut	23	0.04
2L	8039994	8040005	rover	R9_gut	10	0.48484848484848486
2L	7905936	7905941	rover	R13_gut	56	0.11904761904761904
2L	7904466	7904473	rover	H4_gut	19	0.7678571428571429
2L	7626596	7626600	rover	H4_gut	21	0.3111111111111111
2L	7450728	7450732	rover	R43_gut	27	0.5392156862745098
2L	7403463	7403470	copia	H4_gut	34	0.40298507462686567
2L	7160980	7160984	copia	R13_gut	38	0.38181818181818183
2L	7088363	7088368	rover	R33_gut	14	0.5254237288135594
2L	7086302	7086307	rover	H7_gut	33	0.28
2L	6671081	6671084	rover	R55_gut	8	0.5806451612903226
2L	6465304	6465308	rover	H4_gut	40	0.21153846153846154
2L	6080246	6080250	rover	R59_gut	4	0.4117647058823529
2L	5894097	5894102	rover	R9_gut	29	0.5142857142857142
2L	5601856	5601859	rover	R9_gut	52	0.2222222222222222
2L	5289537	5289542	copia	R29_gut	36	0.47540983606557374
2L	5023537	5023543	rover	R9_gut	24	0.3333333333333333
2L	5018775	5018780	rover	R37_gut	14	0.29411764705882354
2L	4152413	4152418	rover	R27_gut	16	0.55
2L	4131996	4132001	rover	R23_gut	29	0.5263157894736842
2L	3308624	3308640	flea	R20_head	1	0.0967741935483871
2L	2933335	2933339	rover	H4_gut	15	0.3333333333333333
2L	2423029	2423032	Tirant	R4_head	20	0.013333333333333334
2L	2301196	2301200	rover	H1_gut	10	0.5909090909090909
2L	1839410	1839419	FB	R25_gut	11	0.35
2L	1691262	1691266	rover	R27_gut	15	0.48717948717948717
2L	1664992	1664997	rover	R33_gut	16	0.21739130434782608
2L	1447787	1447795	I-element	R57_gut	19	0.16666666666666666
2L	1446792	1446799	rover	H7_gut	27	0.3253012048192771
2L	1140710	1140711	rover	H7_gut	19	0.22058823529411764
2L	1053755	1053758	rover	R33_gut	22	0.28888888888888886
2L	482108	482112	rover	H4_gut	43	0.6129032258064516
2L	223133	223138	rover	R29_gut	12	0.4025974025974026
